Date,Bid_Open,Bid_High,Bid_Low,Bid_Close,Ask_Open,Ask_High,Ask_Low,Ask_Close,Volume,RowCount
20180102,1302.922,1318.852,1302.231,1316.958,1303.428,1319.119,1302.689,1318.962,109813050,202083
20180103,1317.502,1321.401,1307.428,1312.851,1318.208,1321.729,1307.688,1313.539,112080580,201723
20180104,1313.402,1325.969,1305.869,1322.432,1313.858,1326.179,1306.108,1322.868,104530450,215083
20180105,1322.441,1323.362,1313.639,1319.221,1323.079,1323.579,1313.852,1319.519,104375590,197355
20180108,1320.422,1322.101,1314.781,1320.231,1320.978,1322.339,1314.988,1320.619,90216280,164979
20180109,1320.281,1320.302,1308.822,1311.848,1320.669,1320.679,1309.041,1313.852,106853830,202380
20180110,1312.292,1327.691,1308.168,1316.391,1312.748,1327.931,1308.369,1317.079,113364100,229811
20180111,1316.571,1323.902,1315.678,1321.489,1317.039,1324.129,1315.889,1323.491,100072280,200097
20180112,1322.471,1339.301,1321.501,1337.532,1322.889,1339.562,1321.738,1337.868,105541740,215133
20180115,1336.621,1344.672,1335.842,1339.938,1337.529,1344.909,1336.259,1340.382,68518210,140093
20180116,1340.221,1342.221,1331.841,1338.261,1340.779,1342.502,1332.062,1338.709,111424810,214409
20180117,1338.512,1343.931,1325.911,1326.011,1338.968,1344.169,1326.389,1326.835,114218550,230555
20180118,1327.031,1333.089,1324.251,1326.637,1327.519,1333.299,1324.392,1327.158,112642750,222937
20180119,1326.831,1338.039,1326.231,1331.601,1327.289,1338.238,1326.659,1332.039,105709500,208631
20180122,1334.041,1335.627,1328.409,1333.831,1334.679,1335.891,1328.628,1334.219,99432580,191033
20180123,1333.791,1341.771,1331.342,1340.907,1334.309,1341.989,1331.539,1341.729,116278600,208811
20180124,1341.542,1361.991,1339.451,1357.358,1342.028,1362.192,1339.689,1359.422,116179960,232146
20180125,1357.502,1366.002,1342.408,1347.698,1357.928,1366.238,1342.729,1348.382,126242250,258950
20180126,1347.231,1357.111,1344.611,1349.198,1347.799,1357.299,1344.812,1349.882,97361200,234953
20180129,1349.639,1352.358,1337.601,1339.969,1349.941,1352.589,1337.778,1340.651,81392020,203734
20180130,1340.652,1348.882,1334.421,1338.248,1341.108,1349.05,1334.619,1338.932,105810970,238309
20180131,1338.372,1347.522,1332.639,1344.628,1338.938,1347.742,1332.879,1345.312,93795520,225541
20180201,1344.852,1351.009,1337.211,1348.248,1345.308,1351.179,1337.449,1348.932,96387510,215079
20180202,1348.641,1350.049,1327.401,1332.598,1349.089,1350.259,1327.601,1333.282,104032250,236411
20180205,1332.021,1341.591,1328.971,1339.179,1332.579,1341.769,1329.171,1339.871,103873320,247760
20180206,1339.641,1346.062,1320.178,1323.848,1340.189,1346.308,1320.378,1324.552,154674200,348090
20180207,1323.701,1332.279,1311.368,1318.119,1324.389,1332.479,1311.572,1318.821,120432430,280148
20180208,1317.702,1322.151,1307.018,1318.358,1318.208,1322.362,1307.248,1319.042,127639830,290372
20180209,1317.741,1322.671,1311.138,1315.688,1318.599,1322.919,1311.298,1316.462,129570260,298994
20180212,1315.272,1326.631,1314.129,1322.359,1315.678,1327.001,1314.439,1323.041,84891440,213131
20180213,1322.428,1330.991,1321.558,1329.199,1322.772,1331.212,1321.792,1329.881,91292410,229081
20180214,1329.321,1355.54,1318,1350.308,1329.739,1355.682,1318.101,1350.992,114801180,280674
20180215,1349.642,1357.079,1348.548,1353.148,1350.258,1357.282,1348.748,1353.842,99018150,239144
20180216,1353.311,1361.682,1344.749,1346.878,1354.149,1361.912,1344.998,1347.562,91549870,235328
20180219,1347.462,1351.351,1345.789,1346.432,1348.118,1351.569,1345.961,1346.968,63741280,139021
20180220,1346.221,1348.188,1328.451,1328.879,1346.879,1348.399,1328.642,1329.561,108265530,236580
20180221,1329.189,1336.208,1322.341,1324.319,1329.501,1336.448,1322.598,1325.001,87757340,234747
20180222,1324.048,1332.082,1320.898,1331.728,1324.792,1332.612,1321.148,1332.412,111864970,235607
20180223,1331.511,1332.111,1325.768,1328.478,1331.979,1332.402,1325.999,1329.162,88390360,192426
20180226,1328.162,1341.042,1326.631,1333.048,1328.838,1341.212,1326.772,1333.732,87864020,207798
20180227,1333.148,1336.699,1313.389,1317.948,1333.532,1336.938,1313.619,1318.622,98163540,237253
20180228,1317.639,1322.522,1315.581,1317.859,1318.041,1322.701,1315.791,1318.541,115597050,229324
20180301,1317.921,1321.118,1302.758,1316.618,1318.479,1321.289,1302.992,1317.302,116245110,291678
20180302,1316.861,1325.411,1315.178,1322.358,1317.619,1325.612,1315.408,1323.042,123065970,255134
20180305,1323.672,1327.752,1317.508,1319.769,1324.178,1327.961,1317.631,1320.451,131370230,272460
20180306,1319.932,1338.449,1319.839,1334.288,1320.428,1338.659,1320.191,1334.972,129561630,282185
20180307,1337.551,1340.468,1322.172,1325.208,1338.159,1340.779,1322.378,1325.892,146125770,291134
20180308,1325.221,1328.992,1319.008,1321.699,1325.659,1329.222,1319.199,1322.381,113496640,247628
20180309,1321.681,1325.118,1312.829,1322.909,1322.389,1325.341,1312.951,1323.591,53635090,186504
20180312,1323.272,1324.219,1315.048,1322.851,1323.728,1324.521,1315.262,1323.239,51887310,172878
20180313,1322.728,1328.268,1313.938,1326.181,1323.332,1328.499,1314.275,1326.579,63186000,205898
20180314,1325.769,1329.989,1321.458,1324.581,1326.531,1330.229,1321.661,1325.029,44735750,150687
20180315,1324.418,1327.892,1315,1316.001,1325.022,1328.118,1315.109,1316.409,27957650,102208
20180316,1316.169,1321.698,1309.619,1314.082,1316.931,1321.921,1309.828,1314.538,28116600,99809
20180319,1313.138,1319.592,1307.739,1316.652,1313.662,1319.801,1307.932,1317.038,29154840,104337
20180320,1316.568,1318.209,1307.171,1311.151,1317.332,1318.502,1307.378,1311.479,28358270,97653
20180321,1310.949,1336.582,1309.808,1332.081,1311.231,1336.822,1310.039,1332.459,40062040,131653
20180322,1331.858,1334.838,1324.761,1328.831,1332.462,1335.089,1324.988,1329.269,37976520,140133
20180323,1328.928,1350.218,1328.928,1346.981,1329.532,1350.402,1329.262,1347.439,42014410,155966
20180326,1347.122,1355.872,1343.439,1352.378,1347.528,1356.129,1343.668,1354.382,32718530,121167
20180327,1353.429,1356.788,1339.818,1344.772,1354.031,1357,1340.049,1345.128,36085240,133200
20180328,1345.138,1346.972,1323.5,1324.821,1345.742,1347.189,1323.629,1325.179,40233400,141306
20180329,1324.468,1328.269,1321.178,1325.071,1325.072,1328.532,1321.411,1326.265,31738600,116454
20180402,1325.742,1344.792,1324.811,1341.121,1326.328,1345.052,1325.022,1341.587,41015150,122534
20180403,1340.478,1342.491,1329,1332.672,1341.242,1342.699,1329.088,1333.028,34963610,133180
20180404,1332.628,1348.218,1331.469,1333.071,1333.232,1348.418,1331.718,1333.429,40034160,145230
20180405,1332.578,1334.848,1322.737,1326.371,1333.182,1335.119,1322.931,1327.08,31159420,117234
20180406,1326.138,1335.361,1319.651,1332.991,1326.742,1335.591,1319.829,1333.659,46282990,154020
20180409,1333.971,1337.902,1326.811,1336.172,1334.382,1338.172,1327.032,1336.528,40978610,133010
20180410,1336.088,1342.578,1331.049,1339.272,1336.852,1342.779,1331.248,1339.978,38552880,137402
20180411,1339.068,1365.172,1339.039,1352.299,1339.672,1365.26,1339.381,1354.301,53002580,161685
20180412,1352.678,1353.151,1333.722,1334.772,1353.442,1353.442,1333.952,1335.478,42233970,150874
20180413,1334.619,1347.111,1333.178,1345.241,1335.381,1347.302,1333.562,1345.76,39783620,132166
20180416,1345.941,1350.439,1340.102,1345.572,1346.799,1350.692,1340.348,1345.945,35498760,128675
20180417,1345.608,1349.341,1337.648,1346.92,1346.212,1349.572,1337.839,1347.528,31639170,112672
20180418,1347.469,1355.652,1342.251,1349.221,1348.231,1355.891,1342.501,1349.579,32556460,116631
20180419,1349.179,1354.662,1340.909,1345.391,1350.101,1354.861,1341.133,1346.099,38376800,133144
20180420,1345.928,1346.262,1335,1335.142,1346.852,1346.892,1335.139,1335.888,28515220,106935
20180423,1334.171,1335.419,1322.078,1324.621,1334.679,1335.782,1322.288,1324.979,31351730,114304
20180424,1324.419,1332.631,1322,1329.559,1325.021,1332.902,1322.249,1331.561,30031940,112145
20180425,1329.818,1331.982,1318.721,1322.972,1330.259,1332.292,1318.962,1323.398,23440370,98129
20180426,1322.819,1326.521,1315.198,1316.822,1323.421,1326.732,1315.422,1317.178,25882680,107501
20180427,1316.699,1325.162,1315.258,1323.218,1317.301,1325.412,1315.472,1323.772,22181310,95147
20180430,1322.909,1325.348,1310.168,1315.081,1323.741,1327.271,1310.348,1315.519,22939370,92753
20180501,1314.959,1316.292,1301.678,1303.821,1315.721,1316.438,1301.889,1304.179,25599610,97842
20180502,1303.809,1313.361,1303.748,1304.148,1304.411,1313.641,1304.038,1306.152,29556700,117558
20180503,1304.358,1318.068,1304.348,1311.971,1304.962,1318.302,1304.872,1312.329,25849630,109609
20180504,1311.778,1315.411,1308,1314.811,1312.542,1315.722,1308.081,1315.279,27930400,101954
20180507,1315.058,1318.889,1310.198,1314.121,1315.402,1319.112,1310.388,1314.479,27347810,93606
20180508,1313.428,1317.762,1306.028,1313.409,1314.032,1318.042,1306.212,1315.411,32257710,120607
20180509,1314.578,1317.382,1304.201,1312.621,1315.342,1317.601,1304.451,1313.035,30549580,116473
20180510,1312.378,1322.831,1310.698,1320.228,1313.142,1323.116,1310.951,1321.901,30044150,120132
20180511,1321.248,1325.901,1317.202,1317.909,1321.852,1326.128,1317.489,1318.793,24169780,98168
20180514,1318.291,1322.311,1312.911,1313.121,1318.779,1322.512,1313.148,1313.479,20128640,88933
20180515,1312.618,1314.819,1288.662,1290.261,1313.382,1315.059,1288.868,1290.98,31290040,117356
20180516,1289.768,1296.829,1286.349,1290.572,1290.532,1297.091,1286.559,1290.928,29445220,110294
20180517,1290.209,1294.348,1285.081,1290.721,1290.971,1294.582,1285.442,1291.079,27723910,98384
20180518,1290.658,1294.151,1286.038,1292.868,1291.262,1294.411,1286.248,1293.433,24616940,82873
20180521,1290.421,1293.081,1282.029,1292.522,1291.029,1293.282,1282.281,1292.878,24847410,90739
20180522,1292.798,1296.121,1287.898,1291.021,1293.402,1296.302,1288.132,1291.533,25488360,95842
20180523,1290.908,1298.442,1287.879,1293.101,1291.512,1298.821,1288.119,1293.809,34622830,124237
20180524,1294.089,1306.581,1292.718,1304.672,1294.851,1306.782,1292.939,1305.028,35178230,112714
20180525,1304.318,1307.758,1299.809,1301.349,1304.922,1307.959,1300.082,1301.925,36974430,123637
20180528,1299.588,1300.282,1295.448,1298.018,1300.152,1300.511,1295.669,1298.282,21875340,79275
20180529,1297.551,1306.608,1292.738,1298.871,1298.399,1306.761,1292.838,1299.229,42149190,154087
20180530,1298.218,1304.338,1295.858,1300.797,1298.982,1304.579,1296.038,1301.579,35503680,133464
20180531,1301.178,1306.418,1297.391,1298.172,1301.942,1306.652,1297.899,1298.528,34365550,118054
20180601,1298.719,1300.521,1289.252,1292.811,1299.481,1300.789,1289.458,1293.519,26039920,104367
20180604,1292.622,1298.021,1290.3,1290.888,1293.228,1298.222,1290.398,1293.832,26358560,92846
20180605,1292.188,1300.472,1289.868,1295.767,1292.792,1300.692,1289.958,1296.609,25761910,90585
20180606,1296.088,1301.772,1293.739,1296.282,1296.852,1301.962,1293.978,1296.988,23512590,87265
20180607,1296.338,1303.099,1294.839,1296.337,1296.942,1303.498,1295.049,1297.278,25554080,92588
20180608,1296.879,1300.539,1293.252,1298.438,1297.481,1300.762,1293.461,1298.992,28625080,92283
20180611,1299.778,1302.209,1294.059,1299.841,1300.262,1302.528,1294.279,1300.5,18891570,72583
20180612,1298.679,1300.472,1293.218,1295.451,1300.5,1300.5,1293.369,1296.159,22943120,87328
20180613,1295.848,1301.191,1291.409,1299.322,1296.242,1301.412,1291.682,1299.678,25868460,86495
20180614,1299.248,1309.271,1297.488,1301.861,1300.012,1309.502,1297.762,1302.569,33162130,115891
20180615,1302.278,1303.062,1275.348,1279.558,1302.882,1303.339,1275.599,1280.122,38893170,143577
20180618,1277.272,1282.342,1276.978,1278,1278.028,1282.611,1277.228,1279.541,31745030,99604
20180619,1278.128,1284.028,1270.388,1273.908,1278.732,1284.222,1270.548,1275.912,33792720,124600
20180620,1274.549,1276.372,1267.331,1267.671,1275.311,1276.611,1267.832,1268.379,35311980,121626
20180621,1267.418,1270.079,1261.352,1267,1267.942,1270.301,1261.589,1267.409,31841850,118155
20180622,1267,1271.146,1266.688,1269.071,1267.381,1271.421,1266.888,1269.429,28359820,94575
20180625,1270.001,1272.551,1264.481,1264.729,1270.489,1272.792,1264.649,1266.731,37799140,121127
20180626,1265.608,1267.629,1254.788,1258.308,1266.372,1267.872,1254.938,1260.312,43029150,133359
20180627,1258.609,1260.048,1250.671,1251.359,1259.371,1260.269,1250.891,1253.361,53303530,155470
20180628,1251.659,1254.238,1245.918,1247.609,1252.421,1254.501,1246.071,1249.611,43374110,148867
20180629,1247.788,1255.569,1246.109,1252.529,1248.552,1255.802,1246.369,1253.071,48667360,147557
20180702,1251.521,1254.178,1239.638,1241.028,1252.179,1254.409,1239.828,1243.032,42240640,135569
20180703,1240.978,1256.822,1237.949,1252.312,1242.302,1257.022,1238.069,1252.728,41440590,138367
20180704,1252.099,1261.051,1252,1256.808,1252.861,1261.282,1252.361,1257.132,31089270,100457
20180705,1256.689,1259.699,1251.279,1256.649,1257.151,1259.902,1251.461,1258.58,39564480,139435
20180706,1257.158,1258.881,1252.778,1254.768,1257.922,1259.081,1253.009,1255.322,35765630,123460
20180709,1255.348,1265.868,1254.728,1257.581,1255.692,1266.082,1255.072,1257.939,30924030,108319
20180710,1257.289,1260.309,1247.299,1255.272,1258.051,1260.499,1247.519,1255.811,35952680,120794
20180711,1255.589,1256.849,1241.498,1241.901,1256.351,1257.082,1241.739,1242.759,47306310,152280
20180712,1241.588,1248.528,1241.258,1246.741,1242.872,1248.712,1241.508,1247.449,41448350,129713
20180713,1247.109,1248.058,1236.338,1241.439,1247.871,1248.301,1236.518,1242.145,42154530,134028
20180716,1240.969,1245.528,1238.288,1240.661,1241.478,1245.769,1238.528,1241.369,35396950,104936
20180717,1240.418,1244.939,1226.018,1227.521,1241.182,1245.172,1226.262,1227.949,39741400,128358
20180718,1227.108,1229.118,1221.058,1227.202,1227.872,1229.348,1221.262,1227.908,35155950,119517
20180719,1227.099,1228.998,1211.509,1222.682,1227.701,1229.262,1211.709,1223.575,50690880,152939
20180720,1223.008,1232.228,1215.659,1231.551,1223.772,1232.432,1215.838,1232.259,50412660,161369
20180723,1231.371,1235.082,1222.3,1224.372,1231.879,1235.262,1222.491,1224.728,48441350,140575
20180724,1224.279,1229.479,1218.101,1224.222,1225.041,1229.682,1218.322,1224.578,42242100,138613
20180725,1224.039,1234.182,1223.208,1231.371,1224.641,1234.312,1223.441,1231.925,42955250,139273
20180726,1231.389,1235.131,1222.289,1222.422,1232.151,1235.372,1222.558,1222.778,41654240,135385
20180727,1222.859,1227.312,1217.538,1222.679,1223.141,1227.529,1217.741,1223.271,40719230,119827
20180730,1222.622,1225.029,1219.008,1220.698,1223.128,1225.232,1219.219,1222.702,31775110,95105
20180731,1221.598,1228.519,1213.938,1222.648,1221.992,1228.762,1214.182,1224.712,46508210,132819
20180801,1223.329,1224.762,1215.777,1215.777,1224.251,1225.022,1215.978,1217.181,37474540,123726
20180802,1215.678,1221.268,1206.829,1206.859,1216.282,1221.391,1207.301,1208.871,39999640,127085
20180803,1207.828,1219.978,1204.5,1213.218,1208.222,1220.182,1204.588,1213.95,44753730,128936
20180806,1213.532,1217.828,1205.549,1205.549,1213.978,1218.072,1206.659,1208.501,35438470,102816
20180807,1207.188,1216.109,1207.068,1210.438,1207.952,1216.341,1207.832,1212.442,36143000,101956
20180808,1210.638,1215.801,1206.431,1213.465,1211.402,1215.9,1206.652,1214.029,34242940,106198
20180809,1213.619,1217.239,1210.749,1211.832,1214.381,1217.472,1210.949,1212.528,32799840,109336
20180810,1212.288,1217.072,1205.668,1210.988,1213.052,1217.262,1205.919,1211.542,52807790,156468
20180813,1210.672,1213.818,1191.619,1193.401,1211.178,1214.072,1191.859,1193.809,51291580,163450
20180814,1194.088,1198.679,1191.998,1193.972,1194.692,1198.908,1192.242,1194.328,40028150,125966
20180815,1194.089,1194.619,1173.071,1174.621,1194.851,1195.022,1173.288,1174.979,50202380,155468
20180816,1175.619,1181.992,1160.168,1173.971,1176.381,1182.211,1160.379,1174.329,55603770,174063
20180817,1173.709,1185.002,1171.838,1184.678,1174.471,1185.322,1172.082,1185.252,48297120,139876
20180820,1183.329,1190.782,1182.778,1190.471,1183.721,1191,1183.019,1190.829,38101160,109675
20180821,1190.318,1196.959,1187.638,1196.121,1191,1197.231,1187.871,1196.479,43898400,126514
20180822,1196.798,1201.558,1192.572,1195.601,1197.402,1201.772,1192.768,1195.959,44171770,126537
20180823,1195.829,1196.542,1183.859,1185.052,1196.431,1196.802,1184.068,1185.488,42783780,125184
20180824,1185.219,1208.512,1183.118,1205.592,1185.981,1208.661,1183.328,1206.288,44677720,130315
20180827,1206.868,1212.399,1203.111,1211.098,1207.792,1212.551,1203.309,1211.3,36217290,107106
20180828,1211.369,1214.239,1199.599,1200.861,1212.131,1214.472,1199.829,1201.559,43163330,126606
20180829,1200.798,1207.228,1200.708,1205.269,1201.562,1208.211,1201.122,1208.211,41641340,122199
20180830,1206.499,1207.808,1196.258,1199.592,1207.101,1208.022,1196.478,1200.288,41803970,128927
20180831,1200.188,1208.819,1198.229,1200.737,1200.792,1209.042,1198.442,1201.402,42652940,133132
20180903,1200.138,1203.808,1195.648,1201.199,1200.882,1204.011,1195.879,1201.512,25624400,80553
20180904,1201.519,1201.969,1189.569,1191.131,1201.981,1202.172,1189.782,1191.829,42629920,136000
20180905,1191.208,1198.331,1190.878,1196.287,1191.972,1198.522,1191.078,1196.899,35157670,119734
20180906,1196.469,1206.941,1195.778,1199.649,1197.231,1207.141,1195.981,1201.661,39926220,128576
20180907,1199.828,1203.481,1193.418,1195.629,1200.592,1203.702,1193.632,1196.2,47307700,141655
20180910,1195.018,1198.439,1191.498,1195.722,1195.412,1198.671,1191.668,1196.078,36508910,112655
20180911,1194.969,1199.368,1187.698,1198.521,1195.731,1199.571,1187.882,1198.879,37164910,112574
20180912,1198.008,1208.429,1192.658,1206.122,1198.772,1208.662,1192.862,1206.478,43480570,129974
20180913,1206.778,1212.609,1200.148,1201.271,1207.542,1212.786,1200.328,1201.629,41512830,123158
20180914,1201.198,1208.512,1192.878,1193.249,1201.962,1208.711,1193.118,1194.148,43319000,125430
20180917,1193.971,1204.779,1192.758,1201.022,1194.579,1205.001,1193.029,1201.718,36495330,112308
20180918,1201.348,1203.492,1195.838,1198.021,1202.112,1203.682,1196.061,1198.719,46220320,134115
20180919,1197.939,1206.169,1197.521,1203.771,1198.701,1206.382,1197.891,1204.145,39146410,117773
20180920,1203.869,1208.372,1201.269,1206.931,1204.631,1208.561,1201.481,1207.289,41029530,126318
20180921,1207.179,1211.012,1191.789,1199.468,1207.941,1211.212,1191.978,1200.022,45389700,133484
20180924,1198.819,1204.138,1194.399,1198.548,1199.741,1204.371,1194.631,1199.102,31399750,101051
20180925,1198.438,1203.269,1197.078,1199.908,1199.202,1203.511,1197.312,1201.912,33625140,103874
20180926,1200.718,1202.428,1190.478,1194.172,1201.482,1202.632,1190.691,1194.528,37171870,119266
20180927,1194.659,1198.509,1182,1182.411,1195.421,1198.802,1182.068,1183.109,40635640,116805
20180928,1182.438,1193.841,1180.718,1191.762,1183.202,1194.008,1180.889,1192.629,47418490,134612
20181001,1192.309,1192.339,1184.541,1188.641,1192.711,1192.751,1184.761,1188.999,41940610,123331
20181002,1188.628,1208.211,1188.419,1202.871,1189.392,1208.391,1188.681,1203.229,49519820,140311
20181003,1203.168,1208.278,1196.766,1197.171,1203.932,1208.501,1196.792,1197.532,46033650,141364
20181004,1197.478,1206.702,1195.968,1199.721,1198.242,1206.942,1196.191,1200.079,53586850,150239
20181005,1199.661,1205.759,1197.238,1202.691,1200.139,1205.981,1197.408,1203.389,44025490,132050
20181008,1203.038,1204.039,1182.542,1187.688,1203.432,1204.279,1183.05,1188.232,41325660,125458
20181009,1188.238,1191.838,1183.258,1189.622,1189.002,1192.079,1183.439,1189.978,44749630,138016
20181010,1189.248,1194.731,1185.308,1194.401,1190.012,1195.079,1185.509,1195.079,48875490,134669
20181011,1194.758,1226.282,1191.229,1223.248,1195.522,1226.522,1191.471,1225.332,72098960,200580
20181012,1224.029,1224.088,1215.798,1217.768,1224.791,1224.852,1216.041,1218.312,52334900,152076
20181015,1217.529,1233.238,1216.808,1226.568,1217.811,1233.421,1217.092,1227.122,46177780,138727
20181016,1226.768,1232.361,1223.401,1224.372,1227.532,1232.589,1223.669,1225.903,36158780,110324
20181017,1224.309,1229.451,1220.549,1222.111,1225.071,1229.662,1220.818,1222.549,38034370,113048
20181018,1221.948,1230.091,1218.638,1225.451,1222.712,1230.279,1218.908,1226.149,44919100,120879
20181019,1225.548,1230.752,1223.058,1225.981,1226.312,1230.979,1223.248,1226.679,38348630,106627
20181022,1227.242,1229.551,1220.011,1221.838,1227.728,1229.742,1220.249,1222.392,33131340,95947
20181023,1221.811,1239.712,1221.691,1229.861,1222.289,1239.948,1221.958,1230.559,39110280,122398
20181024,1230.429,1233.651,1225.579,1233.382,1230.889,1234.118,1225.769,1234.118,36960200,111799
20181025,1234.168,1239.171,1228.079,1231.868,1234.932,1239.369,1228.269,1232.432,41652610,118818
20181026,1231.688,1243.378,1230.008,1233.333,1232.452,1243.629,1230.248,1233.937,48520160,147227
20181029,1233.547,1235.383,1224.223,1229.216,1234.303,1235.687,1224.566,1229.64,46656230,126675
20181030,1229.896,1230.494,1219.85,1222.793,1230.424,1230.797,1220.037,1223.298,38537600,109649
20181031,1223.01,1223.193,1211.8,1214.443,1224.18,1224.18,1212.16,1214.857,37124540,97431
20181101,1214.99,1237.328,1214.593,1232.978,1215.81,1237.602,1214.99,1233.722,43343570,120336
20181102,1233.765,1236.348,1229.665,1232.625,1234.225,1236.665,1229.962,1233.23,46256730,125756
20181105,1232.598,1235.048,1226.798,1231.145,1233.152,1235.362,1227.052,1231.875,29149250,86551
20181106,1231.438,1235.868,1223.418,1226.515,1231.962,1236.132,1223.692,1227.335,30211990,88875
20181107,1226.838,1236.418,1222.945,1226.085,1227.622,1236.662,1223.247,1226.815,46390740,129781
20181108,1226.358,1227.035,1220.028,1223.245,1226.882,1227.402,1220.332,1224.255,44047390,114797
20181109,1223.438,1223.555,1206.635,1209.635,1223.962,1224.065,1206.952,1210.365,35769000,103160
20181112,1208.925,1211.395,1200.338,1200.338,1209.945,1211.702,1200.542,1200.905,31936600,93358
20181113,1200.538,1205.115,1196.195,1201.998,1201.062,1205.395,1196.512,1202.402,42865630,121366
20181114,1202.288,1216.458,1197.605,1210.545,1202.822,1216.5,1197.835,1211.275,51923180,135422
20181115,1210.868,1216.378,1207.528,1212.975,1211.402,1216.5,1207.932,1213.705,48774580,129859
20181116,1213.465,1225.218,1213.068,1221.085,1213.965,1225.522,1213.402,1221.815,46530430,114782
20181119,1221.935,1225.288,1217.955,1223.735,1222.345,1225.525,1218.252,1224.465,25780040,81966
20181120,1223.918,1228.698,1219.838,1221.305,1224.452,1228.975,1220.152,1222.035,41108940,109530
20181121,1221.695,1230.078,1219.695,1225.655,1222.205,1230.265,1219.952,1226.395,24744390,77799
20181122,1225.918,1229.015,1224.795,1227.165,1226.482,1229.255,1225.102,1227.705,14616800,45497
20181123,1226.848,1228.488,1220.258,1222.885,1227.252,1228.752,1220.552,1223.255,24436000,67780
20181126,1223.298,1227.958,1221.635,1221.925,1224.052,1228.225,1221.932,1222.685,24707340,75198
20181127,1221.828,1225.195,1211.835,1214.685,1222.352,1225.485,1212.102,1215.415,27037770,89019
20181128,1214.778,1226.648,1211.128,1220.855,1215.312,1227.082,1211.355,1221.585,27758980,85129
20181129,1221.005,1228.918,1220.398,1223.875,1221.445,1229.145,1220.742,1224.605,29466910,89600
20181130,1224.148,1225.475,1216.605,1222.025,1224.682,1225.732,1216.882,1222.755,27640870,77090
20181203,1222.948,1234.898,1221.205,1230.335,1223.502,1235.182,1221.492,1231.065,32723590,99727
20181204,1230.948,1241.878,1230.418,1238.165,1231.355,1242.165,1230.705,1238.895,35852450,104578
20181205,1238.918,1239.168,1233.245,1236.925,1239.452,1239.555,1233.542,1237.725,22655020,61658
20181206,1237.475,1244.248,1234.685,1237.405,1237.915,1244.555,1234.962,1238.135,42461830,116378
20181207,1237.725,1249.968,1237.218,1248.205,1238.165,1250.244,1237.535,1248.935,36521250,97200
20181210,1249.675,1250.828,1241.515,1244.125,1250.244,1251.345,1241.822,1244.855,37716500,104683
20181211,1244.435,1249.425,1240.958,1242.795,1244.865,1249.735,1241.232,1243.525,31536050,97992
20181212,1242.998,1247.178,1241.905,1245.265,1243.402,1247.445,1242.235,1245.995,34822010,93358
20181213,1245.948,1246.668,1240.048,1241.585,1246.452,1246.952,1240.312,1242.315,26902560,83472
20181214,1241.635,1242.948,1232.858,1238.115,1242.135,1243.272,1233.102,1238.845,30258310,89654
20181217,1239.015,1248.038,1235.725,1245.495,1239.385,1248.325,1236.055,1246.225,27399490,76498
20181218,1245.705,1250.348,1244.995,1249.331,1246.215,1250.585,1245.282,1249.752,23688110,72667
20181219,1249.775,1257.955,1241.605,1242.705,1250.165,1258.235,1241.922,1243.435,35665460,118135
20181220,1243.115,1266.398,1242.655,1259.495,1243.625,1266.732,1242.942,1260.225,45085990,138258
20181221,1259.975,1262.658,1254,1255.435,1260.765,1262.945,1254.112,1256.165,40686380,109415
20181224,1257.348,1269.955,1256.848,1268.935,1257.952,1270.345,1257.702,1269.315,32384660,82137
20181226,1268.765,1279.018,1264.168,1266.745,1269.755,1279.295,1264.532,1267.475,28430600,93336
20181227,1266.585,1278.928,1266.335,1275.335,1267.375,1279.182,1266.872,1276.015,57208890,140847
20181228,1275.105,1282.068,1274.205,1280.555,1275.625,1282.365,1274.502,1281.285,45651100,122365
20181231,1280.235,1283.998,1277.365,1282.185,1280.585,1284.242,1277.695,1282.915,28331940,77358
20190102,1282.295,1288.668,1278.625,1284.215,1282.805,1288.975,1278.942,1284.945,37161770,112962
20190103,1285.105,1294.855,1284.485,1293.865,1287.295,1295.295,1284.795,1294.595,53835800,144934
20190104,1293.885,1298.538,1276.565,1284.945,1294.335,1298.765,1276.822,1285.675,48931370,140934
20190107,1285.048,1294.998,1282.555,1288.895,1285.802,1295.255,1282.865,1289.625,32577290,103903
20190108,1288.875,1290.158,1279.315,1284.845,1289.315,1290.445,1279.602,1285.575,32743940,100418
20190109,1284.755,1293.848,1280,1293.145,1285.195,1294.065,1280.272,1293.875,30378200,102297
20190110,1293.465,1297.018,1286.035,1286.285,1293.895,1297.305,1286.335,1286.602,33410790,108592
20190111,1286.565,1295.088,1286.535,1287.175,1287.005,1295.382,1286.995,1287.905,34892410,102373
20190114,1287.348,1295.805,1287.248,1291.358,1288.102,1295.988,1287.735,1291.762,29276570,92194
20190115,1291.825,1294.685,1286.665,1289.125,1292.335,1294.875,1286.922,1289.855,32217760,106410
20190116,1289.685,1294.915,1287.805,1293.335,1290.125,1295.282,1288.082,1294.065,29019140,89985
20190117,1293.915,1295.318,1288.875,1291.625,1294.425,1295.562,1288.932,1292.385,33515600,94424
20190118,1292.065,1292.375,1280.555,1281.265,1292.505,1292.802,1280.832,1281.995,28085830,86281
20190121,1281.455,1283.465,1276.718,1280.138,1281.825,1283.782,1276.945,1280.415,11604270,43261
20190122,1279.535,1285.425,1277.365,1284.825,1280.065,1286.035,1277.662,1285.555,28316690,78515
20190123,1284.905,1286.438,1278.605,1282.395,1285.375,1286.722,1278.872,1283.135,24244380,78872
20190124,1282.665,1284.725,1276.585,1280.855,1283.095,1285.025,1277.055,1281.585,29272730,90824
20190125,1280.725,1303.525,1280,1302.935,1281.165,1304.555,1280.185,1303.805,28895640,87277
20190128,1301.335,1304.335,1297.615,1302.965,1301.665,1304.645,1297.852,1303.715,22151200,75849
20190129,1302.925,1311.948,1302.635,1311.345,1303.415,1312.225,1302.952,1312.125,29483760,87917
20190130,1311.255,1323.298,1308.945,1319.035,1312.545,1323.585,1309.242,1320.225,28887320,95632
20190131,1320.195,1326.248,1317.385,1320.915,1320.625,1326.472,1317.675,1322.095,29120730,93517
20190201,1321.215,1323.465,1316.085,1317.265,1321.715,1323.752,1316.312,1318.015,24464680,84025
20190204,1317.925,1318.965,1308.535,1311.795,1318.255,1319.295,1308.802,1312.545,22806330,71717
20190205,1312.115,1316.825,1310.625,1314.715,1312.545,1317.095,1310.935,1315.605,23687920,73970
20190206,1314.998,1315.765,1305.515,1306.165,1315.602,1316.042,1305.932,1306.915,25299400,73020
20190207,1306.445,1311.878,1302.705,1309.745,1307.205,1312.152,1302.982,1310.495,26551570,82627
20190208,1309.865,1315.568,1307.698,1313.945,1310.305,1315.815,1308.002,1314.695,25071660,73214
20190211,1314.098,1314.815,1303.595,1307.745,1314.702,1315.122,1303.912,1308.495,23259120,72723
20190212,1307.975,1314.668,1306.405,1310.475,1308.405,1314.955,1306.705,1311.225,17738020,63772
20190213,1310.805,1318.078,1304.975,1305.915,1311.185,1318.375,1305.262,1306.665,23028160,76327
20190214,1305.685,1314.308,1302.288,1312.075,1306.115,1314.565,1302.552,1312.685,30280520,96224
20190215,1312.265,1322.555,1311.328,1321.035,1312.645,1322.802,1311.605,1321.785,23056940,79182
20190218,1320.882,1327.545,1320.405,1326.375,1321.612,1327.865,1320.892,1326.695,10424800,43558
20190219,1326.145,1341.778,1322.778,1340.565,1326.585,1342.075,1323.075,1341.625,25793500,87386
20190220,1340.305,1346.655,1336.798,1338.065,1340.735,1346.935,1337.092,1338.815,27360990,91351
20190221,1338.705,1341.425,1320.858,1323.345,1339.125,1341.745,1321.302,1324.095,53925410,164683
20190222,1323.495,1333.038,1321.468,1327.885,1323.935,1333.315,1321.745,1328.635,35858360,122258
20190225,1328.835,1332.485,1325.115,1327.185,1329.195,1332.802,1325.382,1327.935,24829450,81756
20190226,1326.975,1330.128,1323.445,1328.605,1328.265,1330.412,1323.732,1329.355,23411470,86186
20190227,1328.335,1329.808,1316.815,1319.465,1329.625,1330.595,1317.092,1320.215,33405600,107307
20190228,1319.275,1327.228,1312.518,1312.835,1320.565,1327.505,1312.752,1313.605,27957730,108067
20190301,1313.475,1315.138,1290.098,1293.055,1314.765,1315.435,1290.402,1293.805,41430950,132685
20190304,1292.705,1296.995,1282.758,1286.498,1293.995,1297.272,1283.045,1286.902,31136410,101873
20190305,1286.215,1289.535,1281.128,1287.525,1287.505,1289.762,1281.402,1288.275,39970590,123007
20190306,1287.515,1290.885,1283.545,1285.145,1287.965,1291,1283.802,1286.615,33161090,109422
20190307,1285.575,1288.975,1280.485,1285.125,1286.965,1289.282,1281.072,1285.875,38266140,119237
20190308,1285.935,1300.708,1285.128,1298.055,1286.355,1300.992,1285.442,1298.805,39427220,128486
20190311,1297.765,1299.045,1290.395,1293.255,1298.305,1299.332,1290.722,1293.865,27305140,91748
20190312,1293.385,1302.148,1291.988,1300.722,1294.195,1302.422,1292.285,1301.765,33887850,106607
20190313,1301.215,1311.168,1300.505,1307.915,1302.025,1311.485,1300.792,1310.915,29252990,93595
20190314,1308.735,1310.275,1292.775,1295.155,1309.545,1310.572,1293.042,1297.765,33688400,106001
20190315,1295.845,1306.328,1293.928,1301.875,1296.655,1306.605,1294.225,1302.825,32007540,103288
20190318,1301.855,1306.668,1298.155,1303.355,1303.245,1306.945,1298.462,1303.965,22396760,77062
20190319,1303.498,1310.835,1302.288,1306.255,1304.002,1311.095,1302.575,1306.875,22033110,86000
20190320,1305.045,1316.938,1298.605,1311.895,1305.855,1317.232,1298.862,1312.665,38597790,118963
20190321,1312.955,1320.305,1303.205,1309.145,1313.355,1320.602,1303.492,1309.795,34896050,124631
20190322,1309.115,1314.898,1306.778,1313.075,1309.925,1315.162,1307.045,1313.745,37983250,133010
20190325,1313.105,1324.448,1310.958,1321.698,1314.295,1324.742,1311.255,1322.102,30726980,102643
20190326,1321.555,1323.165,1312.625,1315.477,1322.365,1323.492,1312.932,1315.902,36658460,117797
20190327,1315.505,1319.258,1308.065,1308.305,1316.315,1319.535,1308.332,1311.295,39789980,137084
20190328,1309.665,1312.245,1288.455,1289.855,1310.045,1312.522,1288.752,1290.475,36401140,125094
20190329,1289.955,1299.745,1286.668,1291.885,1290.765,1299.992,1286.935,1292.495,33523410,116672
20190401,1292.025,1296.955,1286.425,1287.365,1293.345,1297.255,1286.642,1287.975,27179130,99161
20190402,1287.305,1292.528,1285.145,1292.282,1288.115,1292.952,1285.445,1292.935,23525510,84989
20190403,1292.145,1294.488,1288.335,1289.525,1292.535,1294.795,1288.622,1290.135,26937620,94290
20190404,1289.895,1294.338,1280.848,1291.995,1290.705,1294.622,1281.085,1292.605,19564040,77203
20190405,1292.145,1293.508,1284.325,1291.185,1292.955,1293.845,1284.602,1291.795,33904880,104483
20190408,1291.305,1303.648,1291.205,1297.3,1292.595,1303.915,1291.672,1297.532,18813950,73737
20190409,1297.365,1306.138,1296.535,1303.695,1298.175,1306.385,1296.792,1304.483,27121960,90562
20190410,1303.765,1310.518,1300.858,1307.665,1304.675,1310.845,1301.132,1308.275,32145780,99636
20190411,1307.885,1309.108,1289.548,1292.468,1309.255,1309.425,1289.842,1292.842,29640250,103787
20190412,1292.175,1295.708,1290,1290.177,1292.985,1295.975,1290.242,1290.865,26400210,91810
20190415,1291.075,1291.858,1282.448,1287.165,1291.505,1292.182,1282.732,1289.215,24685950,85568
20190416,1287.525,1288.678,1272.905,1276.535,1288.335,1288.985,1273.162,1277.145,33718520,109112
20190417,1276.455,1279.688,1272.898,1273.745,1277.265,1280.005,1273.192,1274.393,31804540,102014
20190418,1273.575,1277.628,1271.105,1275.475,1274.385,1277.845,1271.392,1276.105,34482110,99260
20190422,1275.598,1279.765,1273.725,1274.625,1276.052,1280.002,1274.032,1275.245,18904610,63216
20190423,1275.045,1276.428,1266.198,1272.022,1275.535,1276.695,1266.502,1272.655,25116900,80969
20190424,1272.025,1278.468,1268.698,1274.735,1272.675,1278.725,1268.992,1276.785,29950900,97903
20190425,1275.735,1282.528,1273.308,1276.965,1276.165,1282.842,1273.602,1277.575,31467460,97549
20190426,1276.885,1288.608,1273.725,1285.695,1277.265,1288.895,1274.502,1286.305,32656180,109169
20190429,1286.275,1286.618,1277.988,1279.465,1286.725,1286.905,1278.285,1280.258,26019620,80922
20190430,1279.695,1286.118,1279.465,1282.415,1280.345,1286.405,1280.032,1284.475,30680830,102714
20190501,1283.055,1287.188,1273,1276.588,1283.705,1287.575,1273.132,1276.972,31323360,100298
20190502,1276.648,1277.945,1266.195,1269.999,1277.152,1278.252,1266.452,1271.815,33375650,108828
20190503,1270.525,1282.468,1268.268,1278.775,1271.015,1282.755,1268.792,1279.395,35057220,106766
20190506,1280.305,1285.728,1276.935,1280.278,1280.805,1286.002,1277.232,1280.662,43770690,125468
20190507,1281.035,1286.015,1278.155,1282.997,1281.845,1286.292,1278.352,1284.572,40327880,125628
20190508,1283.915,1291.415,1279.275,1280.605,1284.725,1291.685,1279.562,1281.235,33164590,117373
20190509,1280.105,1288.138,1279.528,1282.825,1281.435,1288.272,1279.835,1284.885,53999260,147205
20190510,1283.915,1289.338,1283.068,1285.505,1284.725,1289.682,1283.332,1286.115,49900010,142312
20190513,1287.485,1301.165,1281.935,1299.515,1287.995,1301.472,1282.152,1300.145,46245130,133478
20190514,1300.005,1303.245,1293.665,1296.868,1300.445,1303.535,1293.942,1297.092,32270000,104889
20190515,1296.695,1300.848,1292.948,1295.915,1297.505,1301.112,1293.252,1296.765,53835750,134267
20190516,1296.545,1298.688,1284.035,1285.905,1296.875,1298.915,1284.222,1287.955,26527150,99141
20190517,1286.665,1288.868,1274.748,1277.485,1287.045,1289.142,1275.042,1278.095,30065790,110950
20190520,1277.535,1278.948,1273.608,1277.087,1277.915,1279.182,1273.852,1277.902,24681390,91419
20190521,1277.355,1277.848,1269.455,1274.525,1278.165,1278.185,1269.732,1275.135,24236640,83077
20190522,1274.615,1277.268,1272.415,1273.218,1275.005,1277.495,1272.692,1273.622,22816800,80792
20190523,1273.235,1287.218,1272.755,1283.298,1273.665,1287.482,1273.015,1283.763,38855270,121905
20190524,1283.365,1285.168,1280.695,1284.615,1283.745,1285.432,1280.995,1285.225,34373990,111394
20190527,1284.655,1287.318,1283.705,1284.945,1285.155,1287.635,1283.992,1285.275,17735120,52661
20190528,1284.925,1286.548,1276.055,1278.345,1285.565,1286.822,1276.362,1280.395,41240860,121188
20190529,1279.305,1285.465,1279.015,1279.835,1280.115,1285.752,1279.312,1280.71,44840780,142142
20190530,1279.825,1289.158,1274.948,1288.095,1280.635,1289.472,1275.212,1288.705,29360770,103672
20190531,1288.045,1306.878,1287.878,1305.295,1288.855,1307,1288.265,1305.905,53783150,152482
20190603,1306.918,1327.898,1305.835,1323.305,1307.602,1328.192,1306.235,1325.355,49096510,152981
20190604,1324.955,1329.005,1319.905,1324.857,1325.375,1329.302,1320.135,1325.692,48451980,148588
20190605,1325.088,1344.048,1324.448,1329.862,1325.692,1344.292,1324.772,1330.685,61610210,183961
20190606,1331.018,1339.748,1327.158,1334.587,1331.632,1339.992,1327.445,1335.752,52551840,157118
20190607,1335.345,1348.198,1330.205,1340.388,1335.765,1348.455,1330.492,1341.302,49374750,150300
20190610,1336.848,1337.658,1325.028,1327.748,1337.302,1337.912,1325.282,1328.175,39336530,129143
20190611,1327.408,1329.808,1319.815,1326.468,1328.132,1330.075,1320.072,1327.412,36938320,120189
20190612,1326.525,1338.348,1325.938,1333.218,1327.175,1338.582,1326.232,1333.862,38711100,127560
20190613,1333.895,1343.058,1332.325,1341.342,1334.385,1343.355,1332.612,1342.332,37810030,120863
20190614,1342.078,1358.088,1337.738,1340.888,1342.612,1358.402,1337.992,1341.832,59524380,173980
20190617,1341.785,1343.505,1332.915,1339.358,1342.115,1343.762,1333.162,1340.002,37083260,122723
20190618,1339.685,1354.605,1338.545,1346.328,1340.495,1354.812,1338.855,1346.972,55224790,176395
20190619,1346.265,1362.528,1341.195,1359.527,1347.075,1362.852,1341.515,1360.612,58129450,175036
20190620,1360.315,1393.928,1357.638,1387.767,1361.125,1394.415,1357.875,1389.022,80166040,262945
20190621,1387.195,1411.805,1382.5,1399.158,1387.525,1412.082,1382.735,1400.102,79119730,258593
20190624,1400.075,1421.278,1399.648,1419.438,1400.885,1421.632,1400.102,1420.292,59576640,186777
20190625,1419.368,1439.138,1411.808,1422.755,1419.902,1439.582,1412.162,1423.682,75016670,263345
20190626,1423.815,1424.385,1401.865,1408.022,1425.145,1425.305,1402.202,1409.375,61516430,229062
20190627,1409.475,1412.048,1398.548,1409.298,1409.805,1412.392,1398.882,1410.252,57018080,178959
20190628,1409.768,1424.568,1405.618,1409.485,1410.292,1424.862,1405.912,1410.095,48745610,173405
20190701,1397.165,1397.698,1381.715,1384.168,1398.335,1398.335,1382.025,1385.082,56824550,205197
20190702,1383.915,1420.958,1383.255,1417.797,1384.245,1421.322,1383.565,1418.705,62895180,188318
20190703,1418.395,1437.688,1411.975,1418.265,1419.205,1438.102,1412.282,1418.885,59187760,217720
20190704,1419.245,1421.595,1410.128,1414.735,1420.055,1421.935,1410.425,1416.225,24787100,89039
20190705,1416.095,1424.128,1386.518,1398.525,1416.905,1424.522,1386.752,1399.135,60009570,201561
20190708,1398.975,1407.508,1391.645,1394.978,1399.465,1407.805,1391.992,1395.863,36865090,138666
20190709,1394.985,1400.025,1385.658,1397.192,1395.315,1400.292,1385.982,1397.992,35527840,136041
20190710,1396.915,1418.598,1389.838,1418.252,1398.285,1419.212,1390.132,1419.182,51290660,172786
20190711,1418.215,1427.078,1400.738,1403.608,1419.025,1427.392,1401.102,1404.678,51122490,187429
20190712,1403.785,1416.818,1403.048,1415.145,1404.595,1417.112,1403.365,1415.755,49208950,161039
20190715,1415.408,1419.698,1407.655,1412.957,1416.092,1420.062,1407.942,1414.262,31281960,122343
20190716,1414.485,1418.158,1400.758,1405.618,1415.295,1418.552,1401.082,1406.262,40589700,147927
20190717,1406.545,1426.738,1400.018,1425.858,1406.875,1427,1400.322,1426.542,48975580,145450
20190718,1428.915,1448.015,1414.578,1445.868,1430,1448.322,1414.862,1447.363,64811360,205223
20190719,1446.955,1452.888,1420.098,1425.168,1447.392,1453.242,1420.442,1426.102,60009130,225997
20190722,1427.598,1429.955,1422.148,1424.378,1428.212,1430.232,1422.462,1425.332,35574350,140693
20190723,1425.238,1430.085,1414.138,1417.178,1425.762,1430.425,1414.432,1417.812,36935440,155603
20190724,1417.488,1429.445,1416.228,1424.185,1418.022,1429.812,1416.572,1425.902,28948970,118337
20190725,1425.525,1433.698,1410.968,1413.998,1426.335,1434.032,1411.292,1414.642,41129020,143737
20190726,1414.065,1424.768,1413.228,1417.948,1414.562,1425.092,1413.525,1418.902,37891720,110632
20190729,1418.775,1428.078,1414.718,1426.498,1419.535,1428.365,1415.102,1427.002,28514420,109431
20190730,1426.485,1433.165,1422.258,1430.488,1427.122,1433.502,1422.535,1431.132,30134030,115872
20190731,1431.008,1434.258,1410.385,1412.578,1431.532,1434.742,1410.832,1413.322,35123160,156751
20190801,1412.815,1445.948,1400.418,1444.528,1413.625,1446.255,1400.725,1445.235,51107930,214789
20190802,1444.795,1449.025,1430.225,1440.568,1445.605,1449.652,1430.522,1441.302,70817080,248292
20190805,1439.898,1469.688,1436.648,1463.698,1440.502,1470.015,1436.895,1464.252,75231640,285979
20190806,1468.188,1474.815,1456.315,1473.775,1468.955,1475.185,1456.642,1474.832,62540880,254922
20190807,1474.185,1510.278,1472.208,1501.188,1474.515,1510.652,1472.522,1502.133,72382410,310863
20190808,1500.275,1509.475,1489.948,1500.778,1501.085,1509.785,1490.225,1501.453,49317340,228784
20190809,1504.578,1508.948,1494.698,1496.948,1505.172,1509.402,1495.015,1497.502,44704970,203136
20190812,1497.515,1520.008,1487.258,1510.528,1498.015,1520.502,1487.662,1511.372,37139110,169911
20190813,1510.775,1534.948,1479.715,1500.928,1511.585,1535.252,1480.102,1501.672,51354390,257043
20190814,1501.835,1523.968,1494.085,1516.068,1502.645,1524.292,1494.445,1516.963,65140460,273509
20190815,1516.435,1526.948,1507.848,1522.84,1516.962,1527.265,1508.092,1523.522,55768120,271100
20190816,1523.385,1527.945,1503.635,1512.395,1524.195,1528.202,1503.902,1513.985,40161940,182466
20190819,1512.398,1512.928,1493.175,1495.498,1512.802,1513.275,1493.425,1496.402,35773960,168368
20190820,1495.838,1508.508,1492.848,1506.898,1496.422,1508.785,1493.222,1507.802,36320080,140314
20190821,1507.548,1508.028,1496.445,1502.298,1508.122,1508.352,1496.692,1503.202,37058350,132915
20190822,1502.288,1504.518,1492.425,1497.898,1502.872,1504.872,1492.702,1498.802,36609850,137384
20190823,1498.268,1530.188,1493.475,1526.598,1498.912,1530.542,1493.712,1527.502,59297390,191646
20190826,1535.278,1555.048,1524.955,1527.198,1536.072,1555.432,1525.252,1528.092,75852660,273617
20190827,1527.095,1544.608,1525.538,1542.278,1527.752,1544.835,1525.922,1542.942,49566160,167105
20190828,1541.988,1546.805,1531.848,1538.798,1542.572,1547.062,1532.142,1539.702,58571590,192991
20190829,1539.208,1550.315,1519.608,1527.065,1539.792,1550.605,1519.875,1527.912,66471710,230962
20190830,1527.708,1533.055,1517,1519.998,1528.255,1533.392,1517.252,1520.902,66497850,205657
20190902,1528.325,1533.948,1519.305,1528.698,1528.785,1534.502,1519.552,1529.412,26471030,96832
20190903,1529.515,1549.655,1521.455,1546.698,1530.165,1549.925,1521.825,1547.602,61444280,201985
20190904,1546.845,1556.958,1533.825,1551.798,1547.295,1557.265,1534.102,1552.702,73071110,213074
20190905,1551.918,1552.918,1506.115,1518.698,1552.502,1553.252,1506.547,1519.502,67447650,242498
20190906,1517.218,1527.798,1502.488,1506.398,1517.802,1528.145,1502.795,1507.302,84783770,280683
20190909,1507.968,1515.415,1497.548,1498.498,1508.362,1515.722,1497.832,1499.402,54514770,201581
20190910,1498.688,1500.948,1484.418,1485.398,1499.272,1501.165,1484.665,1486.302,52092870,204697
20190911,1485.618,1498.188,1484.998,1496.798,1486.212,1498.435,1485.502,1497.702,51079050,162188
20190912,1496.548,1524.118,1489.208,1498.708,1497.212,1524.445,1489.492,1499.435,59960000,224277
20190913,1498.708,1508.938,1485.735,1488.5,1499.132,1509.252,1485.992,1489.152,56599760,183354
20190916,1506.838,1512.065,1495.815,1497.898,1507.402,1512.191,1496.125,1498.842,69800520,217113
20190917,1498.618,1507.008,1493.408,1500.898,1499.422,1507.295,1493.685,1501.792,50385270,162511
20190918,1501.085,1511.558,1483.155,1493.642,1501.735,1511.902,1483.452,1494.452,44801960,155238
20190919,1494.088,1504.468,1488.908,1498.428,1494.545,1504.772,1489.222,1499.182,52999510,175156
20190920,1499.218,1516.978,1497.878,1516.598,1499.25,1517.502,1498.215,1517.502,46017470,143205
20190923,1513.988,1526.748,1510.968,1521.798,1514.852,1527.035,1511.772,1522.752,52686290,171162
20190924,1522.078,1535.638,1515.525,1531.798,1522.642,1535.922,1515.852,1532.752,63272910,190307
20190925,1531.298,1535.048,1500.375,1503.398,1532.132,1535.385,1500.692,1504.302,61491550,215284
20190926,1503.928,1512.235,1500.108,1504.198,1504.352,1512.515,1500.642,1505.102,55145370,188890
20190927,1504.195,1507.308,1486.768,1496.498,1504.912,1507.625,1487.102,1497.402,62098960,221343
20190930,1494.568,1500.465,1464.445,1471.998,1495.022,1500.792,1464.712,1472.902,56750200,206506
20191001,1472.048,1487.138,1459.008,1478.222,1472.472,1487.455,1459.295,1479.542,64414300,225787
20191002,1478.638,1505.048,1474.455,1499.398,1479.275,1505.332,1474.735,1500.302,63678540,216387
20191003,1499.488,1519.488,1495.725,1504.698,1499.922,1519.842,1496.022,1505.602,61625820,229281
20191004,1505.348,1515.658,1495.927,1504.298,1505.802,1516.062,1496.072,1505.202,80347060,241242
20191007,1511.868,1512.215,1487.958,1492.988,1512.662,1512.715,1488.282,1493.902,59426640,197882
20191008,1492.998,1509.618,1486.845,1505.048,1493.712,1510.022,1487.185,1506.002,94336730,287899
20191009,1505.598,1512.438,1499.768,1505.198,1506.352,1512.742,1500.075,1506.102,64309250,215023
20191010,1505.248,1516.948,1491.015,1493.598,1506.072,1517.292,1491.372,1494.502,83256210,283578
20191011,1493.728,1503.115,1473.925,1488.598,1494.462,1503.385,1474.202,1489.502,73464170,268406
20191014,1488.128,1497.068,1482.728,1492.798,1488.852,1497.345,1483.132,1493.702,56197160,174036
20191015,1493.008,1498.388,1477.098,1480.598,1493.552,1498.702,1477.392,1481.522,60053370,205943
20191016,1480.858,1491.478,1476.995,1489.678,1481.282,1491.805,1477.255,1490.252,82979260,227199
20191017,1490.198,1497.308,1483.385,1491.398,1490.602,1497.585,1483.702,1492.302,73464440,219024
20191018,1491.718,1494.008,1484.825,1489.598,1492.142,1494.362,1485.102,1490.502,56800960,175119
20191021,1491.338,1495.208,1481.405,1484.098,1491.762,1495.435,1481.752,1485.002,40984450,150292
20191022,1484.198,1488.908,1480.768,1487.198,1484.812,1489.212,1481.082,1488.102,49161800,153463
20191023,1487.488,1496.268,1487.488,1491.798,1488.152,1496.535,1487.935,1492.373,51688990,161454
20191024,1492.145,1503.948,1487.915,1503.498,1492.302,1504.592,1488.205,1504.402,56927750,155048
20191025,1503.328,1517.948,1500.558,1504.198,1503.982,1518.175,1500.822,1505.102,55146190,179709
20191028,1504.508,1508.155,1489.948,1492.098,1505.012,1508.432,1490.242,1492.902,49336750,158070
20191029,1491.968,1494.715,1483.398,1487.198,1492.472,1495.005,1483.782,1488.102,42760700,143924
20191030,1488.015,1496.598,1481.048,1495.198,1488.355,1496.865,1481.402,1496.102,54483860,162466
20191031,1495.578,1514.148,1493.628,1512.498,1496.232,1514.405,1494.015,1513.402,60163310,176419
20191101,1512.548,1515.938,1503.218,1513.998,1513.332,1516.322,1503.542,1514.802,52261940,157076
20191104,1513.908,1514.758,1504.395,1509.345,1514.382,1515.025,1504.592,1510.145,42876530,127349
20191105,1509.578,1509.585,1479.275,1483.275,1509.992,1509.992,1479.572,1484.015,54385430,172542
20191106,1482.948,1494.118,1482.278,1490.155,1483.512,1494.385,1482.702,1490.955,45329910,131213
20191107,1490,1492.148,1460.498,1467.935,1490.662,1492.395,1460.812,1468.855,68050890,207178
20191108,1467.788,1472.868,1456.118,1458.485,1468.212,1473.165,1456.452,1459.425,54618990,179853
20191111,1459.278,1466.375,1448.155,1455.335,1459.902,1466.635,1448.432,1456.255,38157200,114956
20191112,1455.118,1460.335,1445.545,1455.965,1455.632,1460.645,1445.825,1456.865,63667660,188487
20191113,1456.188,1466.995,1455.598,1463.025,1456.542,1467.312,1456.102,1464.015,60060950,173099
20191114,1463.278,1474.535,1461.038,1470.605,1463.692,1474.852,1461.285,1471.745,57190720,164850
20191115,1471.098,1471.248,1462.355,1467.885,1471.512,1471.592,1462.605,1468.625,40996050,116306
20191118,1467.158,1473.935,1456.285,1470.985,1467.582,1474.185,1456.575,1471.815,44620960,134107
20191119,1471.148,1475.328,1464.898,1471.625,1471.572,1475.782,1464.995,1472.885,47914650,139077
20191120,1472.238,1478.728,1465.838,1471.115,1472.662,1478.995,1466.132,1472.015,57518220,181623
20191121,1474.818,1475.575,1462.275,1463.535,1475.432,1475.835,1462.582,1464.965,50821570,167979
20191122,1464.038,1473.188,1461.295,1461.785,1464.462,1473.432,1461.582,1462.575,43467660,135475
20191125,1460.218,1462.085,1453.995,1454.865,1460.652,1462.372,1454.212,1455.685,36499010,107228
20191126,1454.638,1462.848,1450,1460.945,1455.402,1463.162,1450.192,1461.915,42814050,114518
20191127,1461.098,1461.765,1452.535,1454.025,1462.052,1462.555,1452.792,1454.885,33273800,101024
20191128,1454.458,1458.208,1454.195,1455.388,1455.012,1458.495,1454.432,1457.288,19037570,57672
20191129,1455.588,1466.528,1453.115,1463.448,1456.102,1466.725,1453.192,1464.372,31813510,100796
20191202,1464.048,1465.268,1453.885,1462.055,1464.472,1465.802,1454.142,1462.802,52094970,151774
20191203,1462.198,1481.718,1459.768,1477.115,1462.752,1482.015,1460.052,1478.045,59678310,164913
20191204,1476.928,1483.988,1471.365,1474.285,1477.432,1484.245,1471.672,1475.025,56634600,170236
20191205,1474.488,1480.308,1472.855,1475.685,1475.112,1480.572,1473.102,1476.445,48455840,138612
20191206,1475.578,1479.788,1458.635,1459.785,1476.002,1480.595,1458.852,1460.615,38879190,121480
20191209,1459.418,1465.318,1458.548,1461.245,1459.842,1465.565,1459.002,1461.995,29649200,88443
20191210,1461.348,1469.128,1459.965,1463.745,1462.242,1469.375,1460.212,1464.945,42516310,123869
20191211,1463.838,1478.848,1462.598,1474.365,1464.252,1479.135,1462.922,1475.205,51816170,129387
20191212,1474.618,1486.708,1463.778,1469.455,1475.182,1486.955,1464.152,1470.205,58524930,168280
20191213,1467.728,1477.968,1461.648,1475.455,1468.502,1478.232,1462.112,1476.215,80430760,212167
20191216,1475.098,1479.848,1473.108,1475.815,1475.752,1480.112,1473.375,1476.602,35448550,99564
20191217,1475.798,1480.488,1474.135,1475.765,1476.702,1480.695,1474.432,1476.675,32564440,98672
20191218,1475.698,1479.248,1470.405,1474.305,1476.552,1479.485,1470.632,1475.705,34983000,100376
20191219,1475.128,1481.668,1473.205,1478.425,1475.772,1481.885,1473.445,1479.255,34633090,97333
20191220,1478.678,1480.908,1475.768,1477.785,1479.232,1481.192,1476.055,1478.915,25415700,73990
20191223,1478.128,1486.058,1477.425,1485.285,1478.752,1486.345,1477.712,1486.225,29252000,81978
20191224,1485.178,1500.465,1484.298,1498.445,1485.642,1500.805,1484.585,1500.375,30811170,87878
20191226,1499.358,1512.548,1497.215,1511.005,1500.222,1512.832,1497.725,1511.745,37675580,109011
20191227,1511.158,1515.268,1507.288,1510.775,1512.102,1515.505,1507.555,1511.715,44186630,121679
20191230,1511.458,1516.048,1510.715,1514.805,1512.082,1516.335,1511.002,1515.615,37268790,106925
20191231,1514.568,1525.235,1514.478,1516.915,1515.142,1525.522,1515.015,1518.015,46909790,122975
20200102,1518.768,1531.328,1517.115,1528.825,1519.592,1531.585,1517.392,1529.785,44514090,121386
20200103,1528.568,1553.515,1527.848,1551.515,1529.302,1553.762,1528.205,1552.805,73186090,219760
20200106,1559.735,1585.625,1559.735,1565.445,1560,1587.915,1560,1566.195,73680230,242006
20200107,1565.108,1577.248,1555.248,1573.945,1566.022,1577.602,1555.515,1574.945,70302290,206375
20200108,1575.238,1611.325,1552.178,1556.095,1576.122,1611.732,1552.485,1557.365,110248060,365954
20200109,1556.528,1561.285,1540.105,1551.685,1557.152,1561.545,1540.422,1552.675,56332400,187655
20200110,1552.198,1563.008,1545.665,1561.785,1552.902,1563.352,1545.935,1562.535,50717910,146754
20200113,1561.318,1561.318,1546.408,1547.475,1562.012,1562.012,1546.702,1548.225,45008940,135809
20200114,1547.848,1548.745,1535.828,1545.665,1548.662,1549.152,1536.145,1547.165,65155170,190540
20200115,1546.258,1558.148,1545.818,1555.775,1546.882,1558.405,1546.365,1556.755,66801660,162346
20200116,1556.298,1558.035,1547.975,1551.965,1556.722,1558.335,1548.212,1552.945,46000960,131840
20200117,1552.398,1561.155,1549.295,1556.945,1552.962,1561.425,1549.555,1557.695,40158530,118053
20200120,1557.128,1562.705,1556.268,1560.478,1557.982,1562.985,1556.555,1561.112,17483260,51683
20200121,1560.708,1568.508,1546.238,1557.855,1561.162,1568.845,1546.522,1558.855,64625360,191628
20200122,1558.638,1559.168,1550.3,1558.475,1559.182,1559.495,1550.422,1559.495,47668400,132477
20200123,1558.498,1567.848,1551.798,1562.455,1559.202,1568.105,1552.065,1563.425,58245120,165482
20200124,1562.328,1575.785,1556.455,1571.455,1562.872,1576.072,1556.735,1572.205,65777330,174616
20200127,1579.248,1588.345,1575.798,1581.705,1579.952,1588.885,1576.082,1582.675,75958270,236322
20200128,1581.348,1582.965,1565.388,1566.835,1582.012,1583.265,1565.782,1567.855,57894170,185485
20200129,1566.758,1577.948,1563.335,1576.295,1567.542,1578.212,1563.595,1577.245,62126200,187453
20200130,1576.598,1585.888,1572.155,1573.945,1577.542,1586.155,1572.482,1575.005,75800270,230224
20200131,1573.778,1590.528,1570.905,1589.325,1574.572,1590.922,1571.152,1590.135,85879780,236985
20200203,1593.388,1593.488,1569.188,1576.365,1594.112,1594.232,1569.842,1577.115,52740040,186464
20200204,1577.098,1579.545,1548.965,1552.505,1577.522,1579.882,1549.222,1553.475,50916100,169510
20200205,1552.508,1562.368,1547.425,1555.685,1553.062,1562.595,1547.682,1556.675,48471860,165247
20200206,1555.688,1568.178,1552.385,1566.335,1556.582,1568.512,1552.695,1567.085,44079310,140445
20200207,1566.618,1574.008,1559.875,1570.198,1567.072,1574.295,1560.972,1570.702,86675360,230443
20200210,1571.248,1576.928,1567.905,1571.755,1572.082,1577.195,1568.205,1572.725,49905260,153156
20200211,1571.688,1573.978,1561.925,1567.565,1572.522,1574.265,1562.302,1568.545,54826240,161568
20200212,1567.578,1570.398,1561.728,1565.715,1568.502,1570.655,1562.132,1566.465,47666140,132641
20200213,1565.965,1578.248,1565.495,1575.625,1566.465,1578.552,1565.752,1576.645,62632290,174044
20200214,1575.838,1584.948,1572.975,1583.648,1576.662,1585.302,1573.272,1584.102,44725120,119475
20200217,1581.858,1583.698,1578.798,1581.008,1582.812,1583.965,1579.065,1581.342,18294070,53604
20200218,1584.018,1605.018,1582.298,1601.215,1584.682,1605.295,1582.745,1602.215,59929170,157623
20200219,1601.378,1612.888,1599.455,1611.315,1601.822,1613.175,1599.735,1612.275,57496140,162933
20200220,1612.118,1623.658,1603.785,1618.955,1612.542,1623.932,1604.082,1619.995,59951040,193976
20200221,1619.638,1649.165,1618.895,1643.148,1620.572,1649.442,1619.165,1643.602,84298550,263162
20200224,1654.598,1689.255,1650.838,1659.095,1655.502,1689.542,1651.122,1660.065,116159990,399525
20200225,1658.828,1663.805,1624.898,1634.385,1659.372,1664.402,1625.262,1635.425,141516920,457327
20200226,1635.188,1654.895,1624.785,1640.608,1635.932,1655.205,1625.112,1641.212,112686120,398635
20200227,1640.838,1660.368,1635.145,1644.708,1641.462,1660.575,1635.452,1645.362,191647610,457046
20200228,1644.108,1649.388,1562.848,1585.435,1644.902,1649.802,1563.162,1586.645,161685360,481430
20200302,1591.378,1610.958,1575.315,1589.108,1592.142,1611.222,1575.632,1589.752,215107690,511463
20200303,1585.198,1649.208,1584.768,1640.528,1585.822,1649.575,1585.382,1641.292,190515640,431010
20200304,1640.258,1652.548,1631.798,1636.578,1641.102,1652.962,1632.092,1637.322,185897910,388573
20200305,1637.288,1674.498,1634.888,1671.928,1638.232,1674.842,1635.245,1672.542,148076420,351253
20200306,1672.348,1692.088,1642.128,1673.548,1672.772,1692.332,1642.762,1674.352,178703220,466722
20200309,1694.895,1703.318,1657.308,1680.118,1695.855,1703.745,1657.812,1680.822,137943000,392224
20200310,1679.668,1680.398,1641.495,1648.948,1680.522,1681.212,1641.729,1649.902,130607410,391544
20200311,1649.448,1671.158,1632.935,1634.498,1650.172,1671.512,1633.202,1635.302,107334520,331854
20200312,1633.778,1649.965,1560.508,1576.748,1634.632,1650.505,1560.952,1577.702,121894000,375002
20200313,1579.228,1597.825,1504.398,1529.348,1579.982,1598.192,1505.032,1529.802,137517570,419925
20200316,1567.348,1575.305,1451.148,1513.768,1568.302,1576.105,1451.492,1514.902,118549080,392769
20200317,1512.078,1553.808,1465.468,1527.838,1512.952,1554.195,1466.032,1528.752,118845830,354306
20200318,1527.168,1546.248,1472.625,1485.478,1528.642,1546.632,1473.072,1486.652,119937370,369980
20200319,1485.868,1500.828,1463.975,1470.528,1487.152,1501.442,1464.372,1471.832,87709040,284866
20200320,1470.308,1516.045,1454.898,1498.698,1471.452,1516.412,1455.682,1499.402,76976130,239644
20200323,1503.768,1561.198,1482.258,1552.638,1504.182,1561.612,1483.002,1554.065,84487290,251037
20200324,1554.928,1632.918,1552.788,1629.638,1556.232,1638.612,1553.552,1632.295,47647170,123069
20200325,1628.728,1639.18,1594.682,1615.258,1635.922,1645.472,1597.922,1619.515,47569650,118652
20200326,1615.948,1645.052,1595.301,1627.325,1621.542,1645.602,1597.822,1634.352,34261060,93008
20200327,1626.658,1635.238,1612.838,1626.148,1635.682,1638.222,1614.996,1630.315,38072040,97114
20200330,1639.458,1639.458,1610.098,1621.905,1642.292,1642.542,1612.054,1623.295,45826330,112595
20200331,1619.298,1623.408,1574.188,1575.948,1624.902,1624.902,1575.092,1578.442,44280890,128168
20200401,1573.038,1599.988,1567.468,1589.595,1578.462,1601.722,1569.182,1592.902,49796010,143524
20200402,1588.468,1619.94,1582.818,1611.118,1592.652,1621.182,1583.412,1615.862,51895150,162512
20200403,1611.388,1625.498,1605.625,1617.048,1617.612,1626.742,1607.232,1619.852,43646980,123093
20200406,1615.578,1668.648,1609,1660.905,1621.602,1670.185,1610.552,1661.802,47545210,139305
20200407,1658.738,1674.828,1642.128,1646.08,1666.612,1676.382,1643.742,1649.192,63797820,187780
20200408,1646.08,1656.288,1640.398,1644.258,1651.072,1657.632,1642.462,1648.292,39971770,116908
20200409,1644,1689.948,1644,1682.148,1649.272,1691.022,1644.602,1685.842,46263750,143359
20200413,1686.218,1722.548,1675,1713.868,1686.652,1724.602,1677.422,1716.762,47008430,125750
20200414,1709.478,1747.625,1708.735,1725.875,1715.662,1748.022,1709.762,1727.982,67455410,190699
20200415,1727.188,1730.998,1707.518,1716.288,1731.292,1732.582,1708.752,1717.852,51959680,150057
20200416,1716.578,1738.648,1707.498,1716.428,1718.502,1739.242,1708.752,1719.122,62851620,184943
20200417,1713.928,1719.388,1679.125,1681.998,1718.822,1719.842,1679.952,1685.082,64462330,196428
20200420,1679.878,1702.138,1671.598,1694.798,1687.192,1703.335,1672.645,1696.592,55316960,159820
20200421,1692.618,1697.796,1659.298,1685.008,1700.242,1700.242,1661.592,1687.312,61244450,194304
20200422,1683.238,1718.555,1679.908,1713.058,1690.012,1719.112,1680.972,1715.182,64609420,210633
20200423,1713.038,1738.558,1707.328,1729.228,1714.262,1739.512,1707.592,1731.432,66015780,224095
20200424,1729.398,1736.208,1710.508,1727.698,1732.202,1736.872,1710.892,1730.902,62249490,199054
20200427,1726.388,1727.248,1705.995,1713.358,1730.102,1730.282,1706.662,1714.562,74229560,225876
20200428,1713.408,1715.945,1691.678,1707.465,1713.508,1716,1692.532,1708.392,80464640,258279
20200429,1706.758,1717.398,1697.805,1712.378,1708.842,1718.365,1698.242,1714.242,64534500,203577
20200430,1711.598,1721.598,1681.068,1685.998,1715.642,1722.142,1681.792,1687.572,68540980,212853
20200501,1684.838,1705.068,1670.418,1698.818,1690.092,1706.215,1671.055,1701.942,83053820,277664
20200504,1697.878,1713.228,1691.328,1701.758,1700.122,1714.422,1693.142,1702.992,51309300,160882
20200505,1700.968,1711.568,1689.788,1704.988,1703.012,1712.302,1690.752,1706.902,49415750,157181
20200506,1705.328,1708.071,1682.008,1685.068,1708.132,1708.475,1682.752,1686.232,50566600,158559
20200507,1681.518,1721.888,1681.308,1715.248,1685.172,1722.602,1683.692,1716.672,57508190,187283
20200508,1715.218,1723.148,1700.545,1701.408,1718.572,1723.682,1702.172,1703.782,64915170,192876
20200511,1701.558,1712.058,1691.825,1697.408,1703.852,1713,1692.502,1698.542,66264930,193039
20200512,1696.038,1710.698,1693.605,1702.068,1698.002,1711.252,1693.922,1703.492,57586460,180941
20200513,1700.368,1718.018,1699.348,1715.568,1702.722,1718.952,1699.642,1716.992,76045440,238164
20200514,1715.568,1736.348,1710.828,1730.315,1718.402,1736.645,1711.512,1731.002,63792380,201811
20200515,1729.248,1751.398,1728.428,1741.628,1732.412,1752.025,1729.132,1743.042,77525050,228807
20200518,1734.868,1765.018,1727.458,1732.305,1746.132,1765.332,1728.015,1733.122,85089570,245674
20200519,1730.418,1747.818,1726.205,1744.408,1734.522,1748.135,1726.965,1745.592,85649010,253343
20200520,1744.288,1753.735,1742.528,1747.628,1747.842,1754.212,1742.695,1748.702,77077980,228818
20200521,1747.088,1748.538,1717.155,1727.362,1749.622,1749.622,1717.372,1727.462,74109930,231894
20200522,1725.518,1739.955,1724.278,1733.648,1726.872,1740.502,1724.635,1735.152,59925070,178489
20200525,1731.308,1734.318,1721.168,1728.075,1736.592,1738.962,1721.802,1729.422,33714200,91318
20200526,1727.928,1735.325,1708.558,1710.128,1729.912,1735.962,1709.042,1711.202,67775250,189331
20200527,1708.238,1715.895,1693.598,1708.778,1713.222,1716.152,1694.112,1709.962,67134190,197724
20200528,1710.378,1727.428,1706.988,1717.438,1712.152,1727.892,1708.055,1718.672,66163710,195091
20200529,1716.608,1737.773,1712.428,1728.695,1720.062,1738.082,1713.165,1730.622,62913210,186890
20200601,1735.808,1744.525,1727.553,1738.988,1738.532,1744.982,1727.772,1740.172,67260940,193180
20200602,1734.288,1745.008,1721.215,1727.158,1739.582,1745.415,1721.792,1728.342,65317620,186353
20200603,1726.348,1731.908,1689.245,1699.108,1727.752,1732.762,1689.812,1699.505,81490080,232257
20200604,1695.038,1721.863,1695.038,1713.518,1706.442,1722.112,1697.622,1714.652,69328350,212243
20200605,1713.058,1715.988,1670.745,1684.758,1715.562,1717.162,1670.955,1686.405,85672080,242917
20200608,1674.868,1700.618,1674.868,1697.978,1686.132,1700.922,1678.145,1699.092,68710810,194036
20200609,1696.838,1720.668,1692.025,1711.828,1700.142,1721.075,1692.565,1715.302,73960730,213192
20200610,1712.788,1739.675,1707.695,1738.158,1714.582,1740.052,1708.392,1739.232,67524080,216587
20200611,1737.388,1744.575,1721.445,1727.208,1738.602,1744.975,1721.962,1727.435,72188810,249346
20200612,1726.888,1742.948,1722.135,1729.728,1728.842,1743.195,1722.735,1731.452,70736130,214600
20200615,1730.258,1735.258,1704.025,1724.885,1733.842,1736.762,1704.312,1725.692,83291670,240189
20200616,1724.848,1732.748,1716.535,1726.795,1726.442,1733.082,1716.862,1727.092,77389910,227845
20200617,1726.598,1730.165,1712.548,1726.495,1728.902,1730.422,1713.162,1727.582,60121240,174835
20200618,1721.198,1737.438,1717.435,1722.355,1732,1738.132,1717.912,1723.512,61514180,186941
20200619,1718.678,1745.168,1718.678,1743.268,1729,1745.612,1722.002,1744.972,61707950,182690
20200622,1750.178,1763.058,1742.598,1754.408,1752.592,1763.355,1743.122,1755.122,84700030,221820
20200623,1754.438,1770.998,1747.295,1767.648,1755.762,1771.445,1747.672,1769.122,74298930,218460
20200624,1768.408,1779.388,1760.138,1760.138,1769.342,1779.635,1760.942,1761.732,81645140,227939
20200625,1759.038,1768.785,1753.548,1763.155,1762.562,1769.212,1755.102,1764.132,68681270,194196
20200626,1763.258,1771.948,1747.368,1770.898,1764.562,1772.16,1747.562,1772.042,70937280,187750
20200629,1774.918,1775.748,1765.538,1772.218,1776.012,1776.822,1766.032,1773.195,56527540,170470
20200630,1769.788,1785.85,1764.425,1780.378,1773.742,1786.282,1764.902,1781.345,59518190,168395
20200701,1780.278,1789.008,1758.948,1769.598,1782.462,1789.535,1759.542,1770.612,66340910,188347
20200702,1769.758,1779.425,1757.438,1774.648,1771.142,1779.975,1758.042,1776.002,56427550,171281
20200703,1775.258,1777.048,1772.588,1774.818,1776.632,1777.652,1773.032,1775.312,24276950,69864
20200706,1773.368,1786.918,1769.818,1784.098,1777.132,1787.432,1770.412,1785.262,50680000,149609
20200707,1782.688,1797.358,1773.398,1794.468,1784.602,1797.602,1774.082,1795.342,63700750,170550
20200708,1794.718,1817.848,1791.448,1808.338,1796.422,1818.405,1791.852,1809.552,58850270,163931
20200709,1805.018,1815.855,1795.258,1802.988,1809.552,1816.212,1795.802,1804.122,61911820,183097
20200710,1801.258,1810.496,1793.935,1798.088,1803.662,1810.872,1794.402,1799.352,50328340,152886
20200713,1799.188,1813.198,1797.708,1802.238,1799.852,1813.762,1798.512,1803.412,53311330,167604
20200714,1802.538,1810.788,1790.418,1808.878,1803.972,1811.232,1790.892,1809.765,62056370,190161
20200715,1807.838,1814.916,1802.228,1809.828,1809.032,1815.152,1802.805,1810.692,57357450,159326
20200716,1809.648,1813.138,1794.788,1796.588,1810.522,1813.665,1795.192,1797.782,52349260,143562
20200717,1796.458,1811.878,1795.608,1809.248,1798.082,1812.212,1796.195,1810.792,40068100,127105
20200720,1808.838,1820.438,1805.565,1817.498,1810.342,1820.735,1806.095,1817.925,52293550,163847
20200721,1817.288,1843.398,1815.668,1841.465,1819.242,1843.712,1816.102,1842.115,67186540,197158
20200722,1839.208,1871.948,1839.208,1870.908,1841.802,1872.502,1841.502,1872.102,87927310,285470
20200723,1871.758,1898.228,1863.909,1886.958,1873.212,1898.552,1863.932,1888.032,100871900,310475
20200724,1885.228,1906.458,1881.265,1901.098,1888.012,1906.892,1881.852,1902.212,74174820,233151
20200727,1901.988,1945.515,1899.638,1941.978,1903.742,1945.825,1900.632,1942.792,117939110,321169
20200728,1941.508,1980.98,1906.645,1957.218,1943.312,1981.612,1907.512,1959.722,114652760,367446
20200729,1957.688,1980.798,1941.328,1970.378,1958.782,1981.112,1941.895,1971.322,80370240,256241
20200730,1969.588,1971.445,1939.245,1956.148,1971.622,1972.422,1939.702,1957.292,90129090,273805
20200731,1956.318,1984.218,1954.908,1975.568,1958.162,1986.002,1955.672,1977.152,90138040,284374
20200803,1978.898,1989.148,1960.378,1976.378,1980.562,1992.102,1960.882,1977.562,74596660,218032
20200804,1976.348,2019.885,1966.725,2018.548,1978.362,2020.292,1967.262,2020.132,72785340,225083
20200805,2018.518,2055.648,2009.338,2037.418,2019.872,2056.102,2009.842,2038.832,97588630,302965
20200806,2038.578,2069.595,2034.385,2062.828,2039.412,2070.035,2034.965,2064.162,86807060,272216
20200807,2063.348,2074.798,2015.385,2034.298,2065.272,2075.925,2015.815,2035.752,118283280,354950
20200810,2033.708,2049.748,2018.638,2026.728,2034.612,2050.032,2019.402,2028.072,84751700,252727
20200811,2027.498,2029.935,1901.188,1910.928,2029.562,2030.332,1901.912,1912.682,120492850,383359
20200812,1909.408,1949.548,1862.318,1915.138,1912.382,1949.765,1863.502,1917.042,124133540,362743
20200813,1915.718,1966.165,1912.608,1952.968,1918.062,1966.352,1913.312,1954.262,104746570,312272
20200814,1953.128,1962.075,1932.025,1943.998,1955.162,1962.545,1932.542,1945.262,92042060,273493
20200817,1948.718,1990.478,1929.348,1984.948,1951.672,1990.972,1930.085,1985.732,86964200,265981
20200818,1984.268,2015.498,1975.898,2001.998,1985.682,2015.895,1976.365,2003.002,95398910,293521
20200819,2001.728,2006.355,1924.528,1928.488,2003.392,2007.022,1925.122,1929.572,109228550,323112
20200820,1928.438,1955.125,1924.688,1946.668,1929.862,1955.695,1924.952,1947.632,107241080,316956
20200821,1946.738,1955.765,1911.238,1939.618,1948.292,1956.315,1911.922,1941.212,101115070,289036
20200824,1939.868,1961.788,1923.608,1928.418,1941.942,1962.232,1924.115,1929.442,84926580,239847
20200825,1926.628,1937.425,1914.105,1927.658,1929.362,1937.972,1914.572,1928.692,79810510,238729
20200826,1930.918,1954.748,1902.678,1953.938,1931.272,1955.142,1903.045,1954.905,80266270,245778
20200827,1954.288,1976.578,1909.778,1929.098,1956.712,1977.345,1910.242,1929.972,94785240,283967
20200828,1928.718,1973.718,1923.288,1964.428,1931.152,1974.145,1923.485,1965.532,90034080,275473
20200831,1965.378,1976.465,1954.125,1967.438,1966.122,1977.052,1954.645,1968.162,77214280,225376
20200901,1967.108,1992.298,1963.115,1969.988,1968.462,1992.682,1963.312,1970.762,88593170,250219
20200902,1969.408,1973.118,1932.428,1942.468,1970.742,1973.645,1932.902,1943.352,89014560,252525
20200903,1942.038,1950.905,1921.658,1930.328,1943.512,1951.422,1922.287,1931.412,90053690,259358
20200904,1930.958,1947.655,1916.198,1933.298,1933.402,1949.942,1916.722,1934.752,84194530,252842
20200907,1929.788,1941.268,1924.288,1927.998,1932.412,1941.775,1924.782,1928.912,32411380,117827
20200908,1929.298,1940.748,1906.428,1931.648,1930.502,1941.142,1906.935,1932.192,65137300,239017
20200909,1931.538,1950.775,1919.935,1946.358,1933.162,1951.152,1920.412,1947.032,49544660,189331
20200910,1946.388,1966.398,1941.315,1945.408,1946.832,1966.825,1941.552,1946.602,61198420,221471
20200911,1944.678,1954.658,1937.008,1938.928,1946.182,1954.975,1937.542,1941.432,64632970,211932
20200914,1940.548,1962.385,1937.018,1956.538,1941.782,1962.815,1937.575,1957.122,52431000,170612
20200915,1956.998,1972.028,1948.278,1953.848,1957.862,1972.542,1948.605,1954.402,55975810,189342
20200916,1953.048,1973.468,1949.798,1958.878,1954.152,1973.762,1950.222,1959.512,63568090,212810
20200917,1958.918,1960.865,1932.745,1943.718,1960.292,1961.112,1933.132,1944.322,66771730,230902
20200918,1943.648,1959.898,1943.548,1949.718,1943.982,1960.282,1943.982,1951.142,53074910,190965
20200921,1949.588,1955.458,1882.375,1912.058,1951.132,1955.835,1882.922,1912.672,77780910,277843
20200922,1912.448,1919.888,1894.458,1899.868,1913.542,1920.272,1894.872,1900.462,76263490,269683
20200923,1900.008,1905.208,1855.678,1863.158,1901.022,1905.672,1856.102,1863.732,94660650,318814
20200924,1863.348,1876.988,1848.635,1867.418,1864.462,1877.225,1848.917,1868.292,88298080,325992
20200925,1867.648,1875.075,1852.298,1860.998,1869.412,1875.392,1852.562,1862.072,72297060,257467
20200928,1859.448,1882.898,1848.455,1881.218,1861.352,1883.322,1848.872,1881.732,65505710,236218
20200929,1880.848,1898.958,1875.308,1897.718,1881.952,1899.335,1875.772,1898.462,62756780,227783
20200930,1898.028,1902.115,1881.238,1885.568,1899.172,1902.575,1881.542,1886.192,69700660,246000
20201001,1885.538,1912.028,1884.555,1905.818,1886.512,1912.29,1885.012,1906.472,68767700,237644
20201002,1904.978,1916.975,1889.638,1898.868,1906.102,1917.392,1890.052,1900.262,62154180,222774
20201005,1903.828,1918.575,1886.898,1913.098,1905.362,1919.022,1887.242,1913.642,53063320,184562
20201006,1912.568,1921.018,1874.558,1877.748,1913.762,1921.405,1875.242,1878.622,64131180,207888
20201007,1878.368,1897.898,1872.748,1886.948,1879.512,1898.122,1873.222,1887.532,53351370,191710
20201008,1886.638,1900.498,1881.938,1893.628,1887.822,1900.882,1882.192,1894.152,48598420,170888
20201009,1893.538,1930.325,1893.378,1929.618,1894.712,1930.922,1894.012,1930.772,56612500,196023
20201012,1928.788,1933.048,1918.158,1922.438,1929.162,1933.562,1918.525,1923.022,59648200,199457
20201013,1922.578,1925.355,1886.308,1891.008,1923.082,1925.782,1886.732,1891.682,67382630,227333
20201014,1891.078,1912.828,1882.395,1901.448,1893.962,1913.172,1882.692,1902.182,56485490,199572
20201015,1901.538,1908.798,1889.438,1908.398,1902.702,1909.282,1889.862,1908.942,59903020,220564
20201016,1908.208,1913.808,1897.658,1898.968,1909.402,1914.215,1898.082,1899.902,47789810,165557
20201019,1899.668,1918.338,1896.878,1903.778,1900.132,1918.832,1897.345,1904.562,50734990,175162
20201020,1903.498,1913.985,1894.618,1906.535,1904.622,1914.375,1894.935,1907.002,49492550,166161
20201021,1907.788,1931.298,1907.788,1924.148,1909.232,1931.675,1908.792,1924.732,53696880,180325
20201022,1923.798,1925.878,1894.208,1903.828,1925.182,1926.122,1894.55,1904.382,51959700,173173
20201023,1903.638,1914.108,1894.198,1901.258,1904.692,1914.472,1894.652,1902.712,46148310,156066
20201026,1903.298,1908.458,1891.135,1901.858,1903.802,1908.862,1891.672,1902.532,54653230,183283
20201027,1901.658,1911.348,1897.718,1907.668,1902.712,1911.702,1898.115,1908.422,45143970,148809
20201028,1907.758,1910.768,1869.208,1876.968,1908.962,1911.172,1869.752,1877.462,69939730,218193
20201029,1876.488,1884.858,1859.868,1867.518,1877.452,1885.235,1860.132,1868.262,68047550,210931
20201030,1865.898,1889.698,1864.258,1878.438,1868.022,1890.025,1864.652,1879.512,69176260,216860
20201102,1876.928,1895.898,1873.308,1894.888,1877.338,1896.285,1873.725,1895.602,64736710,203252
20201103,1895.148,1910.465,1886.835,1908.828,1895.742,1910.762,1887.342,1909.532,52290080,171636
20201104,1908.738,1916.228,1880.635,1902.288,1909.932,1916.722,1882.432,1903.302,77451820,283508
20201105,1903.038,1952.648,1902.028,1949.238,1903.762,1952.992,1902.752,1950.122,76777930,247525
20201106,1948.378,1960.198,1935.468,1950.298,1949.282,1960.645,1935.742,1952.002,67388350,223671
20201109,1954.688,1965.415,1850.398,1862.078,1955.292,1965.822,1850.782,1863.822,90937960,314186
20201110,1864.078,1890.238,1860.138,1877.038,1865.272,1890.652,1860.802,1877.762,77064150,257152
20201111,1876.858,1884.378,1856.208,1865.228,1877.722,1884.772,1856.635,1865.952,59705530,189447
20201112,1864.598,1883.698,1862.588,1876.588,1869.352,1884.072,1862.962,1877.542,59758580,193197
20201113,1876.928,1896.658,1873.978,1888.288,1877.512,1897.122,1874.182,1890.592,52840900,172914
20201116,1888.138,1898.928,1864.498,1888.578,1893.362,1899.312,1864.939,1889.095,62095890,211917
20201117,1888.663,1893.325,1876.735,1879.998,1890.313,1893.735,1877.162,1880.612,54789550,176697
20201118,1879.988,1884.718,1863.508,1871.868,1882.62,1885.145,1864.148,1872.742,60982070,187037
20201119,1872.068,1873.968,1852.568,1865.808,1873.592,1874.442,1852.891,1866.472,59196690,185135
20201120,1865.668,1879.618,1860.908,1870.318,1867.112,1880.032,1861.195,1871.502,49478150,156727
20201123,1869.943,1876.038,1830.778,1837.488,1871.757,1876.355,1831.207,1838.272,59144700,186625
20201124,1838.138,1838.948,1799.988,1807.208,1838.848,1839.352,1800.455,1808.022,73813540,251349
20201125,1806.838,1817.578,1801.495,1807.498,1808.332,1817.965,1801.902,1808.402,56747050,181878
20201126,1807.608,1818.088,1805.634,1810.184,1808.382,1818.572,1806.132,1810.842,30045850,100195
20201127,1809.463,1813.778,1774.218,1786.648,1810.696,1814.085,1774.632,1787.851,43447590,153810
20201130,1787.208,1789.808,1764.245,1776.598,1787.655,1790.302,1764.802,1777.342,60098560,208425
20201201,1776.291,1817.178,1775.685,1814.968,1777.909,1817.515,1776.042,1815.572,57636340,185898
20201202,1815.028,1832.338,1807.405,1830.528,1815.652,1832.802,1807.832,1831.282,49013120,166598
20201203,1830.178,1843.808,1823.648,1840.778,1831.362,1844.185,1823.932,1841.462,54304650,173102
20201204,1840.258,1848.088,1828.988,1838.208,1842.066,1848.412,1829.482,1839.402,55932750,152396
20201207,1838.528,1868.448,1821.808,1862.418,1839.032,1868.822,1822.586,1863.052,50571630,162208
20201208,1862.248,1875.168,1860.148,1870.168,1862.676,1875.572,1860.552,1870.882,42109720,139831
20201209,1870.578,1870.908,1825.363,1839.318,1871.262,1871.592,1825.762,1839.982,58152200,186885
20201210,1839.578,1849.958,1828.528,1836.378,1840.042,1850.275,1828.972,1837.132,49341320,174924
20201211,1835.948,1847.648,1823.843,1838.998,1837.072,1847.946,1824.392,1840.342,42896580,144626
20201214,1840.698,1841.288,1818.268,1826.798,1841.092,1841.822,1819.39,1827.522,44652750,149126
20201215,1827.588,1855.242,1825.348,1852.938,1828.222,1855.681,1825.745,1853.672,39482090,143555
20201216,1852.774,1865.658,1844.663,1864.118,1854.226,1865.925,1845.097,1864.852,57724530,191117
20201217,1863.808,1896.118,1861.898,1885.198,1864.832,1896.502,1862.295,1885.675,54316300,190219
20201218,1885.198,1889.538,1877.275,1880.838,1886.392,1889.952,1877.635,1882.272,47144970,160624
20201221,1883.818,1906.638,1854.955,1876.328,1884.995,1907.052,1855.575,1877.402,77611360,283451
20201222,1876.818,1884.238,1858.845,1859.748,1878.645,1884.452,1859.102,1860.532,56085190,203386
20201223,1859.225,1878.348,1856.938,1872.638,1861.032,1878.782,1857.395,1873.402,50205310,191995
20201224,1872.538,1883.465,1869.378,1879.125,1873.982,1884.062,1869.765,1880.045,25809250,106489
20201228,1882.921,1900.098,1869.018,1873.168,1883.202,1900.445,1869.612,1874.122,45350850,171037
20201229,1872.918,1886.278,1871.595,1878.128,1874.482,1886.675,1872.002,1878.762,39860860,145938
20201230,1877.388,1894.465,1875.965,1894.078,1878.96,1895.002,1876.422,1894.642,32402470,118170
20201231,1894.138,1900.88,1885.308,1897.765,1895.882,1901.102,1885.752,1899.065,33752830,129490
20210104,1904.998,1944.348,1903.288,1942.548,1905.366,1944.752,1904.212,1943.232,58991780,218880
20210105,1941.228,1952.925,1934.178,1949.698,1943.082,1953.171,1934.622,1950.412,49685530,183682
20210106,1949.978,1959.225,1900.755,1917.998,1951.432,1959.632,1901.192,1919.222,71500490,264933
20210107,1918.558,1927.518,1906.705,1913.818,1920.104,1927.942,1907.122,1914.552,58029410,220796
20210108,1913.828,1917.335,1828.038,1848.508,1915.472,1917.795,1828.572,1850.072,76993780,288571
20210111,1849.163,1856.568,1816.888,1843.038,1849.838,1857.232,1817.422,1843.782,66455530,262053
20210112,1844.638,1863.738,1836.558,1854.278,1845.472,1864.078,1837.052,1855.032,58499740,214729
20210113,1854.328,1862.892,1841.808,1844.728,1855.802,1863.275,1842.248,1845.482,57268860,190724
20210114,1845.232,1857.392,1828.518,1846.058,1846.468,1857.782,1829.822,1846.712,53980820,201225
20210115,1845.198,1856.848,1823.235,1827.478,1847.002,1857.165,1823.602,1829.112,56692580,206400
20210118,1828.608,1840.675,1802.948,1837.338,1829.022,1841.072,1803.966,1837.907,49089760,183675
20210119,1837.558,1845.335,1832.843,1839.925,1838.592,1845.755,1833.408,1841.265,53406620,172811
20210120,1839.712,1871.948,1832.272,1871.548,1840.688,1872.705,1832.738,1872.325,72799780,257396
20210121,1870.517,1874.915,1858.131,1869.615,1871.948,1875.309,1858.559,1871.075,65500880,226204
20210122,1869.192,1870.605,1837.195,1855.198,1870.833,1871.139,1837.629,1856.502,68332370,242191
20210125,1854.187,1867.735,1847.025,1855.045,1855.993,1868.105,1847.398,1856.325,76028140,252582
20210126,1854.983,1861.635,1848.345,1850.435,1856.593,1862.015,1848.725,1851.762,65230120,204446
20210127,1849.908,1853.096,1831.227,1843.835,1851.732,1853.428,1831.631,1844.552,78432350,261666
20210128,1843.467,1863.915,1833.925,1842.155,1845.428,1864.375,1834.299,1843.445,95223570,311139
20210129,1842.542,1875.522,1839.418,1847.048,1842.902,1875.928,1839.865,1848.202,111261800,371541
20210201,1863.422,1871.636,1848.892,1860.248,1864.023,1872.185,1849.505,1861.252,114171870,391752
20210202,1860.026,1863.975,1829.317,1837.585,1861.602,1864.386,1829.768,1838.585,102372410,329247
20210203,1836.827,1844.785,1829.368,1833.475,1838.773,1845.102,1829.943,1834.572,73755590,248702
20210204,1833.258,1834.635,1784.888,1793.505,1834.752,1835.045,1785.218,1794.975,87921520,298131
20210205,1794.024,1815.016,1791.905,1814.048,1795.031,1815.355,1792.465,1815.052,73939840,247431
20210208,1816.958,1838.988,1807.665,1830.285,1818.072,1839.425,1808.102,1831.145,74987460,233344
20210209,1830.233,1848.47,1828.785,1837.885,1831.437,1848.805,1829.235,1839.005,77268620,246041
20210210,1837.322,1855.232,1833.915,1842.098,1838.472,1855.715,1834.375,1843.575,69475370,238215
20210211,1842.848,1847.402,1821.007,1825.245,1843.842,1847.795,1821.365,1825.995,58904570,187860
20210212,1824.379,1830.615,1810.395,1823.648,1825.721,1831.098,1810.788,1825.152,57933550,179560
20210215,1825.118,1826.915,1815.865,1818.438,1826.242,1827.322,1816.295,1818.768,35155200,110765
20210216,1818.918,1826.375,1789.385,1794.245,1819.855,1826.818,1789.766,1795.385,77940980,247491
20210217,1793.83,1795.015,1769.418,1775.785,1795.722,1795.722,1769.694,1776.482,80177010,233891
20210218,1775.958,1789.465,1768.305,1775.098,1777.412,1789.962,1768.684,1776.202,75821450,224204
20210219,1775.588,1791.405,1760.44,1783.398,1776.775,1791.954,1760.974,1784.882,88052840,274300
20210222,1781.546,1812.535,1780.545,1808.898,1783.182,1812.925,1780.994,1810.102,92962400,283308
20210223,1809.198,1815.875,1795.425,1805.435,1810.954,1816.305,1795.97,1806.242,84448690,248699
20210224,1804.62,1813.745,1783.445,1803.895,1806.412,1814.141,1783.8,1805.175,87534690,272495
20210225,1804.897,1805.307,1765.328,1770.015,1806.103,1806.242,1765.805,1770.792,118845740,368459
20210226,1770.125,1775.605,1717.09,1733.188,1770.832,1776.115,1717.445,1734.712,115001550,405956
20210301,1732.746,1759.715,1719.525,1724.615,1733.625,1760.125,1719.905,1725.802,99696510,337999
20210302,1724.165,1738.98,1707.066,1737.865,1725.795,1739.364,1707.524,1739.055,83115230,323206
20210303,1737.353,1740.446,1701.797,1710.845,1738.357,1740.944,1702.197,1711.535,84555120,322193
20210304,1710.134,1723.104,1690.258,1697.138,1710.878,1723.497,1690.783,1697.962,103459050,392178
20210305,1697.658,1707.669,1687.138,1699.398,1698.132,1707.886,1687.569,1700.582,91932290,337796
20210308,1701.718,1714.168,1676.696,1683.288,1703.646,1714.522,1677.031,1684.042,91331520,336621
20210309,1683.443,1720.469,1680.014,1715.688,1683.829,1720.905,1680.476,1716.285,81549990,336979
20210310,1714.948,1726.704,1708.141,1726.408,1716.852,1727.085,1708.422,1727.035,77333040,291404
20210311,1726.041,1739.735,1719.115,1722.188,1727.266,1740.095,1719.522,1723.022,78539830,290533
20210312,1721.798,1729.158,1699.078,1726.958,1722.392,1729.934,1699.466,1728.212,77276590,292253
20210315,1727.188,1734.418,1721.554,1731.465,1727.662,1734.826,1721.835,1731.962,73669920,265585
20210316,1731.074,1741.147,1726.114,1730.668,1732.256,1741.365,1726.472,1731.822,59247940,244902
20210317,1731.358,1751.498,1724.018,1744.798,1732.262,1751.952,1724.232,1745.682,75750740,278770
20210318,1744.804,1755.408,1719.115,1736.375,1745.466,1755.725,1719.486,1736.792,84087660,328403
20210319,1735.639,1746.538,1728.391,1744.858,1736.336,1746.995,1728.765,1745.802,78859330,272910
20210322,1746.009,1746.928,1727.238,1738.648,1746.581,1747.384,1727.582,1739.332,78070070,247998
20210323,1738.466,1742.378,1724.578,1726.588,1739.364,1742.762,1724.922,1727.282,75193300,238765
20210324,1726.428,1738.318,1723.624,1734.068,1727.972,1738.675,1724.022,1734.762,68224750,215302
20210325,1733.884,1745.388,1721.589,1726.618,1734.724,1745.682,1722.036,1727.382,81792130,254742
20210326,1726.099,1736.648,1721.498,1731.808,1727.682,1736.962,1721.852,1734.062,69246810,205363
20210329,1731.268,1732.988,1705.668,1712.028,1732.172,1733.502,1705.932,1712.652,63819780,197995
20210330,1711.498,1714.318,1678.6,1684.668,1713.462,1714.635,1678.982,1685.342,76174740,242088
20210331,1684.668,1715.258,1677.788,1707.218,1686.25,1715.502,1678.145,1708.082,72703890,231502
20210401,1707.658,1730.465,1705.638,1728.805,1708.002,1730.952,1706.012,1729.742,65088410,206086
20210405,1727.929,1733.448,1721.148,1727.798,1729.171,1733.792,1721.525,1728.635,49401370,153374
20210406,1727.929,1745.318,1727.058,1742.698,1729.102,1745.592,1727.502,1743.492,60234800,194030
20210407,1742.529,1744.198,1730.518,1737.368,1743.471,1744.575,1730.892,1738.102,55800170,177015
20210408,1736.888,1758.565,1733.058,1755.438,1738.412,1758.912,1733.412,1756.122,56261830,179640
20210409,1755.235,1757.238,1731.168,1743.028,1756.085,1757.592,1731.422,1744.322,60916730,193063
20210412,1743.378,1744.938,1727.318,1732.408,1745.056,1745.245,1727.691,1733.142,61470800,192166
20210413,1732.248,1748.928,1723.578,1745.118,1732.902,1749.125,1723.972,1745.695,67977510,217549
20210414,1745.129,1749.218,1732.505,1736.088,1745.354,1749.602,1732.802,1736.842,63384910,202398
20210415,1736.013,1769.525,1734.248,1763.598,1736.902,1769.822,1734.572,1764.175,69923040,220611
20210416,1762.838,1783.748,1759.618,1775.748,1764.432,1784.032,1759.945,1777.052,68779030,214206
20210419,1776.998,1789.968,1766.628,1771.018,1778.575,1790.322,1767.002,1771.822,75107180,246741
20210420,1770.427,1780.328,1763.505,1778.378,1771.323,1780.662,1763.862,1779.102,71411530,227715
20210421,1778.418,1797.528,1776.168,1793.018,1779.693,1797.872,1776.492,1793.975,70293480,213458
20210422,1793.227,1797.748,1777.328,1783.795,1794.707,1798.082,1777.632,1784.422,77102600,228686
20210423,1783.158,1795.858,1769.865,1776.818,1784.772,1796.152,1770.176,1777.862,71812830,203119
20210426,1775.852,1783.408,1768.617,1780.788,1776.818,1783.692,1769.002,1781.795,67992080,199698
20210427,1780.688,1785.458,1773.615,1776.235,1781.782,1785.822,1773.942,1777.192,65663920,193949
20210428,1776.268,1782.425,1762.498,1780.968,1776.732,1782.792,1762.952,1782.212,76014700,219656
20210429,1781.068,1789.875,1756.028,1771.608,1782.162,1790.195,1756.352,1772.852,79111130,230284
20210430,1771.878,1773.588,1764.108,1768.428,1772.753,1773.885,1764.462,1769.492,74680390,220168
20210503,1768.87,1797.798,1765.945,1792.388,1769.252,1798.132,1766.342,1793.415,64307840,193142
20210504,1792.588,1798.878,1770.638,1778.595,1793.712,1799.295,1771.052,1779.492,81613350,241451
20210505,1778.708,1787.848,1770.228,1786.178,1779.582,1788.245,1770.552,1787.372,72122000,205728
20210506,1786.468,1817.948,1781.878,1814.448,1786.962,1818.273,1782.252,1815.742,77127550,231671
20210507,1814.558,1843.175,1812.748,1830.618,1815.453,1843.642,1813.084,1831.912,95395320,272077
20210510,1833.43,1845.296,1830,1835.618,1835.475,1845.632,1830.202,1836.415,97448090,271103
20210511,1835.216,1841.718,1817.875,1836.898,1836.684,1842.055,1818.202,1837.932,91067690,263021
20210512,1836.633,1843.598,1813.145,1815.198,1837.632,1843.925,1813.582,1815.845,104727610,296555
20210513,1817.038,1828.678,1808.656,1825.898,1818.462,1829.032,1808.972,1827.132,108527260,320740
20210514,1826.348,1845.85,1819.566,1842.688,1827.104,1846.302,1820.022,1843.762,87048450,252148
20210517,1844.528,1868.388,1840.498,1866.228,1845.662,1868.682,1841.222,1867.312,81654610,231956
20210518,1866.238,1874.848,1863.105,1868.688,1866.944,1875.245,1863.495,1869.722,59701830,172255
20210519,1869.088,1890.022,1852.095,1869.328,1871.112,1890.365,1852.442,1870.035,65102690,236937
20210520,1868.598,1883.758,1863.735,1876.568,1870.602,1884.155,1864.152,1877.582,50899000,188738
20210521,1877.258,1889.228,1869.998,1880.898,1878.052,1889.565,1870.365,1881.602,48499560,170732
20210524,1882.123,1886.878,1875.058,1880.688,1883.122,1887.235,1875.432,1881.402,50522590,179747
20210525,1880,1900.118,1872.614,1898.595,1881.496,1900.502,1872.915,1899.312,72538680,225014
20210526,1898.858,1912.648,1890.588,1896.368,1900.042,1912.955,1890.925,1897.082,79978160,243629
20210527,1896.508,1903.478,1888.188,1896.058,1897.002,1903.945,1888.472,1896.982,85393770,208227
20210528,1896.038,1905.798,1882.135,1902.648,1897.562,1906.292,1882.532,1904.452,58493920,196129
20210531,1903.338,1910.545,1902.005,1906.518,1905.262,1910.882,1902.335,1906.982,29231610,104096
20210601,1907.388,1916.485,1892.265,1899.985,1907.992,1916.762,1892.632,1900.732,60211800,192343
20210602,1899.628,1908.968,1894.228,1908.048,1901.372,1909.275,1894.635,1908.715,53261610,166541
20210603,1907.633,1909.498,1865.185,1870.488,1908.052,1909.835,1865.492,1870.925,66918050,214858
20210604,1870.008,1896.098,1855.315,1890.708,1871.002,1896.452,1856.146,1892.242,66826120,215575
20210607,1891.398,1900.018,1881.415,1898.828,1892.078,1900.325,1881.722,1899.602,56710940,177756
20210608,1897.968,1903.688,1883.618,1892.548,1899.777,1903.962,1883.952,1893.195,60842570,188247
20210609,1892.138,1898.918,1887.238,1888.178,1892.452,1899.162,1887.572,1888.952,54372300,174052
20210610,1887.668,1899.758,1869.668,1898.038,1889.592,1900.182,1869.982,1898.712,68008390,230747
20210611,1897.778,1902.948,1874.378,1877.048,1898.962,1903.197,1874.666,1878.142,59616290,201632
20210614,1876.758,1877.888,1844.478,1865.898,1878.282,1878.692,1844.862,1866.732,59244500,203058
20210615,1865.528,1869.068,1851.478,1858.718,1866.972,1869.402,1851.782,1859.392,56562460,196077
20210616,1857.978,1862.928,1803.268,1811.488,1860.092,1864.132,1803.575,1812.392,66542160,224754
20210617,1810.848,1825.228,1767.128,1773.138,1812.176,1825.582,1767.392,1774.012,101530280,338290
20210618,1772.427,1797.062,1760.767,1763.198,1774.073,1797.502,1761.185,1764.782,86704800,287176
20210621,1763.938,1786.388,1763.838,1782.748,1764.722,1786.732,1764.542,1783.582,85640050,293332
20210622,1781.922,1789.995,1772.228,1778.318,1783.982,1790.412,1772.662,1779.272,55762590,217617
20210623,1778.168,1794.838,1773.208,1778.698,1779.482,1795.182,1773.502,1779.532,46494550,193725
20210624,1778.308,1787.848,1772.778,1775.168,1779.992,1788.233,1773.012,1775.732,33776930,158961
20210625,1774.768,1790.268,1773.588,1780.938,1776.432,1790.642,1773.912,1782.122,32106490,147849
20210628,1781.227,1785.718,1770.518,1777.908,1785.112,1786.002,1770.902,1778.852,34961250,162445
20210629,1777.628,1778.818,1750.488,1760.868,1779.372,1779.372,1751.017,1761.772,35720570,168616
20210630,1760.878,1774.278,1753.228,1769.638,1761.802,1774.722,1753.532,1770.502,34291890,158154
20210701,1769.538,1782.678,1765.528,1776.258,1771.162,1783.052,1765.942,1777.202,36147330,159295
20210702,1775.338,1794.928,1774.108,1786.978,1777.532,1795.302,1774.545,1788.092,35736230,165175
20210705,1786.527,1795.128,1784.338,1791.552,1788.593,1795.372,1784.752,1792.324,20866200,82820
20210706,1791.368,1814.918,1789.938,1796.538,1792.352,1815.195,1790.352,1797.512,37082950,168693
20210707,1796.026,1809.648,1793.746,1803.068,1797.774,1810.072,1794.172,1804.052,35899090,162821
20210708,1803.298,1818.288,1794.177,1802.378,1803.902,1818.682,1794.582,1803.312,39209760,187312
20210709,1801.938,1812.298,1796.558,1807.838,1803.942,1812.643,1796.872,1808.852,32260650,145987
20210712,1807.568,1810.708,1791.375,1805.578,1808.422,1811.052,1791.812,1806.722,34340600,150873
20210713,1805.738,1817.061,1798.508,1807.398,1806.572,1817.422,1798.952,1808.182,38177600,165635
20210714,1807.117,1829.678,1804.448,1826.868,1809.083,1830.052,1804.832,1827.552,37371240,169464
20210715,1826.878,1833.976,1820.13,1828.868,1827.712,1834.395,1820.552,1829.972,34176390,157078
20210716,1828.638,1831.948,1808.868,1811.548,1830.434,1832.264,1809.225,1812.932,35144150,161468
20210719,1810.891,1817.178,1794.865,1811.908,1812.862,1817.582,1795.292,1813.102,46881200,209539
20210720,1811.966,1824.898,1804.948,1809.878,1813.562,1825.245,1805.392,1810.942,38179760,171610
20210721,1809.458,1813.658,1794.608,1803.078,1811.102,1814.052,1794.902,1804.122,33813690,154838
20210722,1802.488,1807.958,1792.648,1806.498,1804.652,1808.282,1793.043,1807.272,36185510,159278
20210723,1806.188,1810.218,1789.407,1801.698,1807.652,1810.562,1789.952,1802.752,32385260,139948
20210726,1801.992,1811.398,1796.295,1797.168,1803.408,1811.762,1796.602,1797.982,36038860,163205
20210727,1797.048,1805.118,1793.488,1798.638,1798.192,1805.432,1793.882,1799.512,30366730,150691
20210728,1799.177,1809.718,1792.418,1806.238,1799.603,1810.135,1792.901,1808.012,34487050,163694
20210729,1806.926,1832.59,1806.687,1827.738,1808.242,1832.872,1807.142,1828.722,33208360,144058
20210730,1827.168,1831.248,1810.138,1813.398,1829.262,1831.632,1810.492,1814.622,28071250,132153
20210802,1813.321,1819.418,1805.638,1813.188,1815.334,1819.782,1806.042,1813.952,35621320,156816
20210803,1812.938,1814.908,1807.018,1810.308,1814.442,1815.272,1807.354,1810.982,24149590,113802
20210804,1809.846,1831.605,1806.325,1811.478,1811.654,1831.962,1806.682,1812.122,31361130,138258
20210805,1810.996,1814.748,1797.708,1804.108,1812.762,1815.122,1798.002,1804.832,29077590,133486
20210806,1803.866,1804.698,1758.578,1762.568,1805.442,1805.442,1758.902,1763.822,34607570,164192
20210809,1762.888,1764.448,1670.488,1729.528,1763.873,1765.052,1675.712,1730.312,45309540,218144
20210810,1729.228,1738.158,1717.598,1728.648,1730.492,1738.512,1717.962,1729.162,32608370,151038
20210811,1728.398,1754.288,1723.988,1751.358,1729.432,1754.702,1724.341,1751.992,32858210,156921
20210812,1750.328,1758.038,1741.478,1752.438,1752.442,1758.345,1741.862,1753.082,28544980,142863
20210813,1751.918,1779.848,1751.568,1779.218,1753.522,1780.502,1751.812,1780.502,29079280,129046
20210816,1778.127,1789.198,1770.699,1786.998,1779.173,1789.562,1771.112,1787.922,37005960,159194
20210817,1787.028,1795.437,1780.448,1785.758,1787.962,1795.722,1780.832,1786.652,31342190,169153
20210818,1785.638,1793.638,1777.208,1787.208,1786.792,1794.035,1777.562,1788.402,28494100,152077
20210819,1786.828,1792.368,1774.358,1779.918,1788.852,1792.695,1774.742,1780.792,34064810,171160
20210820,1778.918,1788.281,1778.268,1780.458,1781.042,1788.675,1778.605,1781.672,30300740,157412
20210823,1779.598,1806.378,1776.388,1804.888,1781.236,1806.635,1776.782,1805.802,30057860,179715
20210824,1804.908,1809.465,1800.648,1802.428,1805.892,1809.771,1800.972,1803.392,26543910,146080
20210825,1801.888,1802.968,1782.448,1790.508,1803.972,1803.972,1782.802,1791.442,28101330,167886
20210826,1790.138,1798.095,1779.928,1791.968,1791.982,1798.432,1780.305,1793.022,30844070,170618
20210827,1791.758,1819.225,1783.798,1816.158,1793.102,1819.435,1784.672,1818.032,33462000,186558
20210830,1818.332,1823.079,1807.618,1809.848,1819.002,1823.402,1807.982,1810.772,23019150,119356
20210831,1809.728,1819.075,1801.598,1813.028,1810.802,1819.405,1801.852,1814.092,27640080,172111
20210901,1812.968,1819.905,1808.575,1813.528,1814.172,1820.215,1808.882,1814.412,24557610,153387
20210902,1812.838,1817.004,1804.885,1809.458,1814.982,1817.342,1805.132,1810.012,21961770,132127
20210903,1809.012,1833.908,1808.769,1827.288,1809.852,1834.166,1809.246,1828.392,32563970,182227
20210906,1829.972,1830.098,1821.335,1823.005,1830.332,1830.582,1821.593,1823.549,14185460,80930
20210907,1822.628,1827.128,1792.298,1793.978,1824.012,1827.492,1792.572,1794.882,33189300,182580
20210908,1793.928,1802.074,1782.254,1788.888,1794.816,1802.352,1782.582,1789.862,38852190,245528
20210909,1788.618,1800.877,1783.717,1794.088,1790.002,1801,1784.046,1795.142,27865350,188015
20210910,1793.808,1803.754,1786.978,1787.048,1795.416,1804.156,1787.352,1788.272,37206510,182219
20210913,1788.354,1798.264,1783.568,1793.358,1788.696,1798.519,1783.906,1794.252,37673690,200711
20210914,1792.918,1808.558,1780.285,1803.948,1794.792,1808.786,1781.117,1804.892,41960870,204435
20210915,1803.814,1806.798,1790.658,1793.598,1805.062,1807.027,1790.902,1794.492,34293200,191315
20210916,1793.018,1796.074,1745.218,1753.298,1795.012,1796.382,1745.472,1754.292,38855490,219330
20210917,1753.248,1767.417,1747.258,1753.488,1754.162,1767.716,1747.563,1755.512,36643220,204558
20210920,1753.962,1767.048,1741.978,1763.668,1755.162,1767.442,1742.352,1764.492,36627580,211349
20210921,1763.694,1781.658,1757.838,1774.018,1764.592,1781.983,1758.116,1774.732,35500740,185017
20210922,1773.758,1787.188,1764.498,1767.588,1775.262,1787.532,1764.896,1768.772,40360200,242770
20210923,1767.468,1776.459,1737.768,1742.128,1768.922,1776.846,1738.071,1743.342,41004560,242504
20210924,1742.574,1757.557,1740.338,1749.878,1743.582,1757.852,1740.643,1751.122,37708940,201643
20210927,1751.498,1760.738,1744.764,1749.728,1751.866,1761.096,1745.042,1750.532,44917750,213502
20210928,1749.258,1754.344,1728.008,1733.588,1751.422,1754.652,1728.322,1734.482,50343890,258334
20210929,1733.378,1745.418,1721.548,1725.938,1734.742,1745.712,1721.825,1726.722,50725980,225618
20210930,1725.848,1764.086,1722.098,1756.348,1726.932,1764.442,1722.452,1757.312,52233740,219412
20211001,1756.566,1764.178,1749.655,1760.098,1757.882,1764.482,1749.872,1761.502,50386360,213866
20211004,1762.078,1770.475,1747.608,1769.208,1762.515,1770.772,1747.955,1769.922,52775060,221200
20211005,1768.958,1769.958,1748.488,1759.738,1770.292,1770.542,1748.842,1760.582,43540570,204832
20211006,1759.378,1765.015,1745.77,1762.418,1761.082,1765.332,1746.092,1763.152,50224460,229706
20211007,1762.328,1766.848,1751.838,1755.528,1763.462,1767.165,1752.205,1756.362,39548850,178732
20211008,1755.258,1781.228,1753.238,1756.608,1756.372,1781.572,1753.582,1757.942,38840880,188628
20211011,1757.145,1760.878,1750.068,1753.778,1757.905,1761.235,1750.355,1754.562,44246100,173558
20211012,1753.338,1769.238,1750.658,1759.728,1755.122,1769.592,1750.985,1760.662,41626290,188569
20211013,1759.418,1796.064,1757.829,1792.438,1761.042,1796.349,1758.102,1793.462,46547450,202131
20211014,1792.424,1800.458,1786.598,1795.498,1793.512,1800.765,1786.926,1796.322,37660000,160347
20211015,1795.198,1796.378,1764.748,1766.658,1796.422,1796.706,1765.012,1768.262,38626210,186888
20211018,1766.573,1772.008,1760.184,1764.558,1767.787,1772.316,1760.476,1765.262,46895240,219702
20211019,1764.308,1785.038,1762.854,1768.898,1765.752,1785.326,1763.142,1769.682,41819220,197553
20211020,1769.568,1788.368,1766.744,1781.768,1769.962,1788.632,1767.096,1782.632,43900730,185990
20211021,1781.218,1789.368,1776.374,1782.318,1782.712,1789.652,1776.692,1783.552,46114550,201941
20211022,1782.248,1813.748,1782.248,1791.628,1783.512,1813.996,1783.076,1793.082,53731710,209780
20211025,1792.473,1809.974,1792.164,1807.388,1793.727,1810.232,1792.472,1808.212,46076780,189893
20211026,1806.868,1808.218,1782.288,1792.278,1809.072,1809.072,1782.586,1793.412,36872930,171165
20211027,1792.428,1798.978,1783.374,1796.178,1793.372,1799.262,1783.672,1797.432,39615050,192142
20211028,1796.968,1810.344,1792.198,1798.308,1797.266,1810.672,1792.526,1799.592,47453230,219337
20211029,1799.074,1801.068,1771.848,1782.988,1799.402,1801.442,1772.202,1784.022,48606590,235320
20211101,1783.028,1795.738,1778.998,1792.998,1784.102,1796.032,1779.302,1793.522,36535870,173894
20211102,1792.973,1796.288,1786.254,1787.508,1793.927,1796.606,1786.562,1787.992,29880660,142979
20211103,1786.918,1788.067,1758.644,1769.528,1788.282,1788.522,1759.032,1770.122,33425710,172830
20211104,1768.788,1798.804,1768.734,1791.838,1770.192,1799.172,1769.547,1792.442,41662170,192861
20211105,1791.198,1818.128,1784.894,1817.588,1792.982,1818.822,1785.302,1818.722,42970380,210183
20211108,1818.383,1826.403,1812.313,1823.508,1818.962,1826.627,1812.652,1824.672,33324960,162656
20211109,1823.186,1832.633,1819.043,1831.408,1825.107,1832.932,1819.397,1832.422,55821100,256185
20211110,1831.378,1868.458,1822.168,1848.898,1832.452,1868.842,1822.642,1850.102,44039060,195425
20211111,1848.488,1865.898,1842.748,1861.568,1850.106,1866.222,1843.126,1862.592,33704240,160216
20211112,1861.058,1868.568,1845.088,1864.448,1863.072,1868.962,1845.476,1865.252,36898500,167274
20211115,1869.364,1870.468,1856.318,1862.388,1869.772,1870.742,1856.602,1863.372,41416640,180840
20211116,1862.208,1877.118,1849.564,1850.458,1863.742,1877.362,1849.872,1851.052,40182430,180269
20211117,1849.868,1867.958,1849.328,1867.138,1851.142,1868.242,1849.842,1867.982,35280890,163524
20211118,1866.448,1870.814,1854.948,1858.448,1868.602,1871.112,1855.302,1859.302,42196700,193059
20211119,1858.038,1865.668,1842.869,1845.175,1860.126,1866.042,1843.236,1846.302,57167240,278790
20211122,1846.534,1848.984,1802.144,1804.068,1847.326,1849.322,1802.492,1805.152,46880840,225268
20211123,1805.644,1812.318,1781.859,1788.708,1807.656,1812.636,1782.185,1789.385,44243270,203935
20211124,1788.568,1796.285,1778.398,1788.208,1789.805,1796.692,1778.792,1788.982,38174090,179049
20211125,1789.388,1794.968,1785.928,1788.475,1790.055,1795.382,1786.322,1788.921,14634680,74941
20211126,1790.798,1815.408,1780.358,1792.665,1791.292,1815.812,1780.712,1793.055,38418630,202414
20211129,1790.195,1799.258,1775.563,1784.038,1792.325,1799.632,1780.722,1785.132,38701170,189451
20211130,1783.185,1808.618,1769.758,1773.948,1785.122,1809.002,1770.122,1775.002,50616540,250665
20211201,1775.045,1794.41,1772.049,1781.348,1776.555,1795.022,1772.485,1782.212,46155890,222985
20211202,1781.785,1783.245,1761.815,1768.398,1783.282,1783.632,1762.102,1769.272,43169440,200567
20211203,1768.205,1785.998,1766.02,1782.788,1768.842,1786.355,1766.362,1783.972,52642440,253276
20211206,1784.355,1787.635,1775.587,1778.218,1786.225,1787.862,1775.96,1779.262,44543610,208343
20211207,1778.295,1787.708,1772.168,1783.618,1779.355,1788.092,1772.43,1784.522,54074900,145862
20211208,1783.725,1792.998,1779.478,1782.728,1784.775,1793.372,1779.792,1783.482,32130910,146597
20211209,1782.368,1787.505,1773.138,1774.938,1784.132,1787.842,1773.541,1775.972,31769480,145790
20211210,1774.665,1789.398,1769.968,1782.288,1776.225,1789.665,1770.355,1783.342,31311200,149112
20211213,1783.055,1791.455,1781.698,1786.278,1783.935,1791.772,1782.005,1787.052,35005770,139689
20211214,1786.055,1789.415,1766.358,1770.428,1787.835,1789.752,1766.632,1771.422,35116420,148077
20211215,1771.425,1780.758,1752.928,1776.785,1771.975,1781.132,1753.575,1777.252,42838650,180966
20211216,1776.225,1799.555,1775.418,1798.908,1777.875,1799.995,1775.752,1799.782,41146350,175951
20211217,1798.548,1814.148,1795.758,1797.708,1800.132,1814.492,1795.965,1798.732,33180270,153251
20211220,1799.445,1804.058,1788.188,1790.458,1800.602,1804.382,1788.502,1791.042,42556880,166911
20211221,1789.805,1800.438,1784.838,1788.818,1791.855,1800.722,1785.091,1789.752,33978820,144813
20211222,1788.175,1804.955,1785.795,1803.278,1790.032,1805.292,1786.072,1804.062,30937260,132303
20211223,1803.795,1810.629,1798.778,1808.355,1804.682,1810.952,1799.045,1808.795,28695130,120871
20211227,1808.544,1813.388,1802.855,1811.738,1809.856,1813.671,1803.235,1812.532,25362910,117221
20211228,1811.068,1820.099,1804.918,1805.868,1812.712,1820.446,1805.242,1806.492,23993650,116253
20211229,1805.568,1807.578,1789.348,1804.298,1807.112,1807.952,1789.672,1805.092,26710940,135452
20211230,1804.028,1817.108,1796.058,1814.348,1806.132,1817.395,1796.485,1815.132,24045020,121872
20211231,1814.395,1830.248,1814.118,1829.058,1815.425,1830.612,1814.982,1829.952,24523410,114961
20220103,1828.604,1831.624,1798.189,1801.028,1829.656,1832.076,1798.496,1801.942,36838960,154391
20220104,1800.404,1816.688,1798.388,1814.278,1802.356,1816.962,1798.615,1814.845,37368860,175031
20220105,1813.708,1829.584,1808.168,1810.228,1815.255,1829.872,1808.536,1811.162,41987570,172898
20220106,1810.174,1811.438,1786.288,1790.688,1811.482,1811.792,1786.592,1791.592,49725420,208555
20220107,1790.538,1798.515,1782.495,1795.808,1791.862,1798.842,1782.835,1796.942,41640560,170477
20220110,1793.955,1802.248,1790.235,1801.258,1795.945,1802.542,1790.602,1802.092,42681290,179008
20220111,1801.02,1823.228,1799.952,1821.228,1802.54,1823.472,1800.435,1821.932,40242720,169399
20220112,1820.478,1827.984,1814.578,1825.758,1822.662,1828.312,1814.922,1826.622,39258050,156132
20220113,1825.048,1828.058,1812.228,1822.128,1826.862,1828.402,1812.542,1822.992,37404810,163376
20220114,1822.237,1829.048,1814.578,1817.418,1822.936,1829.362,1814.846,1818.402,40538590,178129
20220117,1817.044,1823.088,1813,1819.008,1819.056,1823.402,1813.386,1819.376,20969020,92007
20220118,1817.904,1822.644,1805.658,1813.378,1819.846,1823.002,1805.991,1814.142,51485510,223124
20220119,1812.518,1843.318,1810.143,1840.108,1813.882,1843.562,1810.472,1840.952,46772610,234972
20220120,1840.164,1847.804,1835.808,1838.788,1841.042,1848.116,1836.162,1839.732,49637110,218264
20220121,1838.498,1843.108,1828.384,1834.328,1840.682,1843.436,1828.692,1836.162,53455250,237268
20220124,1834.524,1844.208,1829.558,1842.538,1835.531,1844.552,1829.942,1843.452,63620720,254714
20220125,1842.668,1853.748,1834.838,1847.458,1843.733,1854.052,1835.122,1848.412,52265650,211473
20220126,1846.924,1849.938,1814.838,1819.218,1849.066,1850.332,1815.152,1819.772,56635370,214848
20220127,1818.988,1822.004,1791.678,1797.058,1820.622,1822.302,1792.026,1797.892,58287250,236068
20220128,1796.238,1799.308,1780.158,1791.028,1798.205,1799.622,1780.482,1792.192,56454910,216276
20220131,1791.928,1799.805,1785.458,1796.668,1792.265,1800.082,1785.742,1797.192,45358770,180921
20220201,1797.325,1808.638,1795.625,1800.888,1799.055,1808.992,1796.002,1801.332,41015520,180155
20220202,1799.818,1810.718,1794.358,1806.348,1801.682,1811.002,1794.695,1807.212,38958920,160744
20220203,1806.368,1808.875,1788.538,1804.588,1807.802,1809.212,1788.832,1805.002,54965400,190424
20220204,1803.808,1814.798,1792.018,1807.558,1805.853,1815.132,1792.405,1808.492,55256850,202064
20220207,1806.719,1823.458,1806.678,1820.258,1808.788,1823.782,1807.196,1820.662,76704760,271162
20220208,1819.938,1828.664,1815.314,1825.785,1821.762,1828.982,1815.612,1826.152,57170470,208973
20220209,1825.294,1835.708,1824.538,1832.888,1826.456,1836.032,1824.902,1833.522,43304810,152066
20220210,1833.164,1841.838,1821.534,1826.538,1834.442,1842.152,1821.842,1827.032,62047870,233113
20220211,1826.424,1865.378,1820.838,1857.898,1827.546,1865.652,1821.152,1859.402,68942740,261545
20220214,1859.233,1874.018,1850.698,1870.908,1860.852,1874.322,1851.042,1871.322,75958590,280372
20220215,1871.079,1879.378,1844.398,1853.428,1871.886,1879.706,1844.822,1853.872,58995730,238548
20220216,1853.154,1872.498,1850.188,1869.498,1854.612,1872.766,1850.486,1869.922,51702580,196772
20220217,1869.848,1901.016,1867.698,1897.928,1871.422,1901.312,1868.042,1898.512,70435800,256644
20220218,1898.118,1902.358,1886.478,1897.768,1898.792,1902.655,1886.822,1899.172,58767440,219718
20220221,1900.818,1908.158,1887.453,1905.013,1901.452,1908.512,1887.852,1905.522,55154290,229579
20220222,1908.748,1914.023,1891.268,1898.158,1908.992,1914.542,1891.602,1898.602,72082560,287584
20220223,1898.348,1910.408,1889.548,1908.658,1899.212,1910.692,1889.824,1909.262,57742800,244664
20220224,1909.488,1974.398,1877.938,1903.708,1910.422,1974.653,1878.452,1904.272,108900350,470934
20220225,1903.718,1921.478,1882.828,1888.528,1904.252,1921.762,1883.112,1889.942,75880000,301790
20220228,1919.206,1930.948,1890.768,1908.738,1919.652,1932.402,1891.122,1909.202,82460500,326575
20220301,1908.638,1950.078,1901.268,1945.088,1909.302,1950.422,1901.652,1945.732,90318560,403328
20220302,1944.317,1947.788,1913.738,1928.218,1946.293,1948,1914.099,1929.392,75833590,307625
20220303,1928.938,1941.203,1921.906,1935.438,1930.349,1941.5,1922.302,1936.512,79554820,361319
20220304,1935.438,1970.648,1929.498,1969.848,1937.272,1971.582,1929.952,1971.552,103409270,460906
20220307,1974.472,2002.518,1960.878,1997.788,1975.718,2002.842,1961.251,1998.402,93696070,416031
20220308,1996.808,2070.358,1980.938,2050.168,1997.322,2070.778,1981.382,2050.412,86053400,402765
20220309,2049.662,2059.068,1976.008,1991.088,2050.862,2059.509,1976.452,1992.232,76217670,352440
20220310,1989.828,2009.062,1970.508,1996.548,1991.502,2009.382,1970.752,1997.822,55346860,264155
20220311,1994.938,1998.818,1958.438,1988.248,1996.466,1999.292,1958.902,1988.952,41312190,201272
20220314,1984.742,1990.308,1949.628,1950.458,1985.152,1990.778,1949.898,1951.242,38758810,216600
20220315,1951.338,1954.458,1906.948,1917.828,1953.095,1954.972,1907.272,1918.442,48475490,240826
20220316,1917.243,1929.328,1894.948,1927.278,1918.947,1929.787,1895.247,1928.032,47864680,218719
20220317,1925.873,1949.748,1923.058,1942.578,1927.767,1949.992,1923.652,1943.432,40193160,201085
20220318,1942.793,1945.203,1917.798,1921.198,1944.657,1945.602,1918.232,1921.902,33526790,170875
20220321,1921.358,1941.168,1917.858,1935.478,1922.482,1941.501,1918.212,1936.162,32835660,156275
20220322,1935.428,1938.268,1910.508,1921.288,1936.162,1938.692,1910.821,1922.172,36868770,162714
20220323,1921.148,1948.293,1915.453,1943.478,1922.462,1948.632,1915.732,1944.072,34437620,161765
20220324,1942.893,1966.083,1937.278,1957.668,1944.462,1966.312,1937.692,1958.182,37379030,187155
20220325,1956.927,1964.153,1942.998,1957.688,1958.397,1964.532,1943.452,1958.672,50090280,265032
20220328,1956.968,1959.053,1916.838,1922.438,1958.627,1959.852,1917.197,1923.372,57741460,285960
20220329,1922.203,1929.168,1889.998,1919.048,1923.972,1929.702,1890.447,1920.022,60450390,303562
20220330,1918.668,1938.428,1915.788,1932.468,1920.372,1938.806,1916.267,1933.362,47053920,207016
20220331,1932.268,1949.723,1918.988,1936.788,1933.562,1950.042,1919.532,1937.652,50252020,224977
20220401,1936.153,1939.358,1917.908,1924.778,1937.832,1939.782,1918.242,1926.242,40676150,193938
20220404,1923.788,1936.878,1915.328,1932.668,1925.762,1937.122,1915.75,1933.052,41554880,197622
20220405,1931.878,1944.463,1917.838,1923.448,1933.682,1944.852,1918.127,1923.922,39947680,182751
20220406,1924.128,1933.348,1915.038,1924.968,1924.372,1933.802,1915.352,1925.672,49963760,214879
20220407,1923.978,1937.708,1920.378,1931.528,1925.458,1938.022,1920.772,1932.092,62102240,316167
20220408,1931.358,1948.088,1927.548,1947.138,1932.092,1948.432,1927.962,1948.332,41236870,184252
20220411,1946.138,1969.558,1939.882,1953.248,1947.562,1969.882,1940.242,1953.972,53739880,253549
20220412,1953.132,1978.508,1949.518,1966.478,1954.548,1978.852,1949.888,1967.102,46389780,220770
20220413,1966.218,1981.482,1962.718,1977.518,1967.052,1981.798,1963.042,1978.062,46082420,207498
20220414,1977.068,1980.248,1960.412,1973.218,1978.658,1980.632,1960.808,1973.718,48051590,208642
20220418,1974.038,1998.268,1970.838,1978.658,1975.218,1998.602,1971.678,1979.322,46184010,203056
20220419,1978.458,1981.848,1943.588,1949.828,1979.352,1982.222,1943.852,1950.322,53140930,237833
20220420,1949.348,1958.208,1939.16,1957.438,1950.738,1958.672,1939.592,1958.002,56345090,242903
20220421,1957.548,1957.548,1936.632,1951.258,1958.282,1958.282,1936.977,1951.692,50466950,242560
20220422,1951.038,1955.482,1926.458,1930.708,1951.815,1955.922,1926.822,1932.102,60044760,264111
20220425,1930.523,1934.328,1891.373,1897.548,1931.322,1934.802,1891.702,1898.092,63779000,298445
20220426,1898.128,1911.108,1895.608,1905.018,1899.397,1911.457,1895.902,1905.822,51891350,250535
20220427,1905.068,1906.898,1881.248,1885.748,1906.577,1907.287,1881.587,1886.452,58850040,265743
20220428,1885.213,1896.608,1871.938,1894.228,1887.132,1896.957,1872.352,1894.652,55500960,256532
20220429,1894.138,1919.838,1892.468,1895.748,1894.752,1920.162,1892.772,1897.842,56584820,259413
20220502,1895.635,1899.788,1854.468,1862.638,1896.527,1900.362,1854.797,1863.072,53862800,235949
20220503,1862.333,1877.998,1850.308,1867.848,1863.757,1878.346,1850.607,1868.312,45747580,210637
20220504,1867.838,1889.663,1861.298,1880.568,1868.842,1890.092,1861.692,1881.952,46622090,211204
20220505,1881.298,1909.633,1872.358,1876.788,1882.512,1910.032,1872.782,1877.412,63636110,293180
20220506,1876.028,1892.373,1866.001,1883.148,1877.772,1892.792,1866.352,1884.952,55149680,257480
20220509,1883.068,1885.558,1851.558,1853.738,1884.532,1886.092,1851.972,1854.512,53994100,273099
20220510,1853.948,1865.278,1835.388,1837.958,1854.952,1865.702,1835.637,1838.782,56154010,279165
20220511,1837.663,1858.018,1831.838,1852.088,1839.052,1858.402,1832.242,1852.692,55063280,256738
20220512,1852.023,1858.708,1821.218,1821.558,1852.897,1859.063,1821.532,1822.162,61989480,274779
20220513,1822.618,1828.678,1798.968,1810.678,1823.707,1829.012,1799.372,1812.332,46555430,213275
20220516,1809.648,1826.834,1786.638,1823.858,1811.016,1827.122,1787.052,1824.322,46714120,210288
20220517,1824.698,1835.998,1812.778,1814.878,1825.282,1836.327,1813.122,1815.342,54986410,214821
20220518,1814.138,1824.614,1807.228,1816.238,1815.762,1825.002,1807.532,1816.722,48685310,206045
20220519,1815.938,1849.053,1810.798,1841.698,1817.022,1849.352,1811.117,1842.142,50257790,233586
20220520,1840.338,1849.304,1832.178,1845.738,1842.262,1849.677,1832.587,1847.362,40056760,190238
20220523,1844.686,1865.334,1843.353,1853.248,1846.462,1865.657,1843.852,1853.872,38676930,184049
20220524,1853.168,1869.573,1849.208,1866.278,1853.932,1869.955,1849.522,1866.762,33817350,159813
20220525,1866.258,1867.878,1842.138,1853.218,1866.792,1868.302,1842.442,1853.722,31059660,154662
20220526,1852.508,1854.218,1840.798,1850.378,1854.422,1854.592,1841.117,1850.872,35508840,175949
20220527,1850.328,1861.838,1847.828,1852.838,1850.932,1862.172,1848.242,1854.462,29727200,142385
20220530,1852.538,1863.883,1848.008,1855.753,1854.162,1864.322,1848.422,1856.502,17557830,83109
20220531,1855.938,1857.018,1834.858,1837.048,1857.262,1857.396,1835.237,1837.602,36289570,165036
20220601,1836.138,1849.894,1828.358,1846.208,1838.067,1850.222,1828.732,1846.852,34182170,164653
20220602,1846.138,1870.338,1843.908,1868.378,1847.562,1870.657,1844.342,1868.812,28241500,133608
20220603,1867.828,1873.963,1847.273,1850.338,1869.512,1874.356,1847.542,1851.962,30004220,127359
20220606,1850.618,1857.748,1840.578,1841.078,1852.564,1858.072,1840.822,1841.672,31722650,138308
20220607,1840.476,1855.458,1836.923,1852.118,1841.662,1855.776,1837.282,1852.652,31027500,145536
20220608,1851.518,1859.573,1844.478,1853.088,1853.062,1859.857,1844.857,1853.352,29540910,138996
20220609,1852.078,1855.268,1839.91,1847.788,1853.382,1855.556,1840.224,1848.242,33189550,160375
20220610,1847.338,1875.868,1824.948,1871.038,1848.962,1876.172,1825.302,1872.462,42059680,210297
20220613,1874.938,1878.763,1817.898,1818.838,1875.962,1879.352,1818.372,1819.762,55964120,260224
20220614,1819.318,1831.538,1804.963,1808.148,1820.867,1831.902,1805.342,1808.702,53580810,237863
20220615,1807.438,1841.838,1807.248,1833.508,1808.854,1842.362,1807.902,1833.992,56153710,253895
20220616,1832.246,1857.418,1814.718,1857.208,1833.693,1857.852,1815.602,1857.562,51377490,241500
20220617,1856.663,1857.238,1833.714,1838.778,1857.752,1857.752,1834.037,1840.022,47140170,212871
20220620,1837.448,1845.998,1834.493,1837.718,1838.252,1846.302,1835.052,1838.092,27691290,125302
20220621,1837.963,1843.518,1828.424,1832.718,1839.532,1843.882,1828.772,1833.112,39171400,188335
20220622,1832.618,1847.778,1823.288,1837.588,1833.102,1848.072,1823.602,1837.992,40786520,210482
20220623,1837.791,1846.238,1822.388,1822.548,1838.062,1846.482,1822.772,1822.992,47594240,227039
20220624,1822.408,1831.686,1816.898,1825.858,1823.537,1832.052,1817.102,1827.862,42166100,195707
20220627,1837.376,1840.948,1820.678,1822.618,1838.412,1841.282,1821.002,1823.062,43696050,205354
20220628,1822.348,1829.412,1818.268,1819.708,1823.342,1829.652,1818.617,1820.105,34138550,164274
20220629,1819.098,1832.958,1811.978,1817.448,1820.662,1833.252,1812.362,1817.912,39584300,190609
20220630,1817.198,1825.008,1802.618,1807.098,1818.482,1825.36,1802.927,1807.502,43285500,205591
20220701,1806.608,1811.698,1784.397,1810.598,1808.122,1812.752,1784.736,1812.102,47684480,234427
20220704,1812.078,1814.198,1803.836,1807.474,1813.661,1814.542,1804.186,1808.436,24670090,117161
20220705,1807.176,1812.058,1763.748,1764.578,1808.962,1812.462,1764.052,1765.012,48236710,229043
20220706,1763.984,1772.784,1732.128,1738.608,1765.056,1773.102,1732.436,1739.152,55422790,244515
20220707,1738.438,1749.014,1736.358,1739.968,1739.462,1749.282,1736.772,1740.452,41973460,188958
20220708,1739.858,1752.387,1732.919,1741.838,1740.562,1752.672,1733.262,1742.872,41676650,187696
20220711,1742.848,1744.528,1731.128,1733.808,1743.602,1744.812,1731.492,1734.172,42165410,186337
20220712,1733.348,1744.098,1723.048,1725.928,1734.662,1744.552,1723.512,1726.362,45995020,200986
20220713,1725.628,1745.284,1706.948,1735.278,1726.152,1745.623,1707.252,1735.782,57078450,248550
20220714,1735.068,1736.2,1697.438,1709.638,1735.972,1736.922,1697.712,1710.172,59826290,277800
20220715,1709.808,1716.518,1698.948,1707.798,1710.422,1716.902,1699.192,1708.702,43797540,212259
20220718,1707.238,1723.798,1705.758,1709.038,1708.462,1724.112,1706.296,1709.422,44560920,207570
20220719,1708.988,1718.321,1705.224,1711.518,1709.866,1718.656,1705.552,1711.922,35168640,194937
20220720,1711.358,1714.411,1692.338,1696.328,1712.042,1714.672,1692.792,1696.922,36291140,194542
20220721,1696.478,1720.238,1680.748,1718.398,1697.062,1720.452,1681.092,1718.842,45564910,205925
20220722,1717.994,1739.253,1712.724,1726.618,1719.086,1739.522,1713.112,1728.152,39240380,220540
20220725,1728.148,1736.174,1714.653,1719.555,1728.752,1736.494,1714.966,1719.972,40362280,200283
20220726,1718.898,1728.074,1713.534,1717.178,1720.002,1728.486,1713.836,1717.642,35563440,174967
20220727,1716.358,1740.138,1711.315,1733.798,1718.342,1740.712,1711.684,1734.462,38917750,186981
20220728,1734.048,1757.004,1733.538,1755.588,1735.009,1757.319,1734.136,1756.072,42621780,244251
20220729,1754.981,1767.784,1751.928,1765.698,1756.586,1768.232,1752.366,1766.802,39802060,238731
20220801,1764.809,1775.314,1758.208,1771.968,1766.506,1775.53,1758.616,1772.402,41752140,226502
20220802,1771.438,1787.928,1759.818,1759.928,1772.862,1788.312,1760.302,1760.792,44302920,241733
20220803,1760.598,1772.662,1754.198,1765.018,1761.086,1773.032,1754.496,1765.472,36328410,212107
20220804,1765.468,1794.898,1763.174,1790.978,1766.152,1795.182,1763.606,1791.402,35927570,194656
20220805,1790.618,1794.764,1764.907,1774.718,1791.302,1795.162,1765.232,1776.382,40232720,209626
20220808,1773.748,1789.924,1770.565,1788.758,1774.181,1790.232,1771.236,1789.232,34124810,180231
20220809,1788.118,1800.364,1783.038,1794.018,1789.752,1800.672,1783.452,1794.472,30663930,159584
20220810,1793.988,1807.768,1787.478,1792.178,1795.426,1808.172,1787.792,1792.612,36872570,187184
20220811,1791.564,1799.149,1783.378,1789.518,1792.79,1799.586,1783.832,1790.022,37911560,186255
20220812,1789.168,1802.548,1784.798,1801.778,1790.362,1803.072,1785.042,1803.072,35997040,176726
20220815,1802.308,1802.308,1772.818,1779.488,1803.092,1803.29,1773.206,1780.002,37994660,182705
20220816,1778.864,1783.038,1771.368,1775.698,1780.468,1783.392,1771.636,1775.982,32072520,150818
20220817,1775.598,1782.194,1759.714,1761.468,1776.462,1782.612,1759.976,1761.922,40116010,192065
20220818,1761.01,1772.294,1755.218,1758.428,1762.326,1772.626,1755.576,1758.672,36159330,178299
20220819,1758.244,1759.248,1745.438,1746.498,1759.146,1759.902,1745.726,1748.432,35957370,174197
20220822,1746.298,1748.958,1727.668,1735.968,1747.212,1749.342,1728.006,1736.502,39696280,181958
20220823,1735.834,1753.974,1730.688,1747.898,1736.689,1754.367,1731.036,1748.382,40251110,174280
20220824,1747.394,1755.798,1742.355,1750.828,1748.326,1756.139,1742.602,1751.382,35734730,164443
20220825,1750.514,1765.368,1749.828,1758.488,1751.566,1765.718,1750.236,1758.962,33820780,163889
20220826,1758.478,1758.768,1734.058,1737.338,1759.132,1759.166,1734.386,1739.042,39201620,183318
20220829,1736.068,1745.418,1720.208,1736.838,1736.732,1745.792,1720.566,1737.322,37628440,179238
20220830,1736.908,1740.334,1721.098,1723.808,1737.526,1740.806,1721.342,1724.222,40461200,184009
20220831,1723.614,1726.428,1709.514,1710.798,1724.152,1726.802,1709.786,1711.332,44175830,204517
20220901,1711.268,1711.314,1688.668,1697.298,1711.612,1711.906,1688.996,1697.762,40296970,206818
20220902,1696.608,1717.878,1694.868,1711.278,1697.152,1718.232,1695.226,1712.822,39157310,187502
20220905,1712.598,1715.668,1707.574,1710.448,1713.392,1715.966,1707.965,1711.022,20993920,116766
20220906,1709.418,1726.566,1699.708,1701.928,1711.336,1727.052,1699.976,1702.252,44722120,215303
20220907,1701.868,1719.318,1691.218,1717.998,1702.552,1719.709,1691.612,1718.502,47933030,218341
20220908,1717.798,1728.095,1703.878,1708.208,1718.502,1728.401,1704.142,1708.682,49148220,240092
20220909,1708.368,1729.344,1708.234,1715.938,1709.512,1729.692,1708.826,1717.472,41543660,202332
20220912,1717.058,1735.035,1711.808,1724.378,1718.242,1735.342,1712.222,1724.782,45461840,210492
20220913,1724.558,1731.71,1696.934,1701.878,1725.016,1732.022,1697.236,1702.452,53804620,222949
20220914,1701.428,1707.014,1693.518,1697.168,1702.676,1707.322,1693.806,1697.572,52349670,231259
20220915,1696.794,1698.124,1660.24,1664.938,1697.926,1698.496,1660.612,1665.332,49723920,217747
20220916,1664.708,1680.245,1654.048,1673.898,1665.342,1680.542,1654.425,1676.002,48037110,213861
20220919,1675.958,1679.865,1659.583,1675.618,1677.442,1680.232,1659.845,1676.072,43457370,175682
20220920,1675.225,1679.288,1659.875,1664.698,1676.025,1679.725,1660.165,1665.132,42341060,192870
20220921,1664.375,1687.948,1653.649,1673.628,1665.465,1688.392,1654.072,1674.192,55363600,244964
20220922,1673.038,1684.788,1655.536,1670.958,1674.862,1685.105,1655.904,1671.422,64100130,288779
20220923,1671.218,1675.838,1639.617,1643.598,1671.985,1676.192,1640.002,1644.702,56268460,268526
20220926,1643.458,1649.648,1621.033,1622.178,1644.972,1650.052,1621.392,1622.732,65899970,303908
20220927,1621.148,1642.335,1621.148,1628.738,1622.772,1642.658,1622.317,1629.232,67069250,255472
20220928,1628.478,1662.645,1614.71,1659.658,1629.842,1662.915,1615.092,1660.102,64172510,300629
20220929,1659.658,1664.746,1641.408,1660.308,1660.355,1665.062,1641.745,1660.802,59471230,278822
20220930,1661.048,1675.265,1659.158,1659.978,1661.572,1675.555,1659.495,1661.062,53661550,241988
20221003,1662.198,1701.385,1659.595,1699.608,1663.102,1701.692,1659.872,1700.052,48535850,261814
20221004,1699.258,1729.435,1695.068,1725.988,1700.042,1729.776,1695.406,1726.352,49549960,256567
20221005,1725.398,1727.664,1700.458,1716.128,1726.232,1728.002,1700.786,1716.552,55177740,241780
20221006,1715.988,1725.434,1706.812,1712.428,1716.632,1725.772,1707.136,1712.742,44089970,239407
20221007,1712.348,1714.724,1690.504,1694.458,1712.992,1715.036,1690.792,1695.492,43950880,235446
20221010,1695.464,1699.714,1665.478,1668.448,1695.886,1700.172,1665.932,1668.912,41942030,187199
20221011,1668.268,1683.84,1660.91,1666.078,1668.732,1684.202,1661.228,1666.612,50885430,237302
20221012,1665.798,1678.215,1661.265,1672.978,1667.042,1678.592,1661.652,1673.412,48447570,248754
20221013,1673.018,1682.336,1642.288,1666.208,1673.412,1682.692,1642.552,1666.672,56522070,282843
20221014,1665.328,1671.655,1640.095,1643.618,1666.772,1671.982,1640.377,1645.572,54668490,275914
20221017,1644.068,1668.268,1643.022,1649.858,1644.532,1668.672,1643.912,1650.362,53098110,201045
20221018,1649.858,1660.707,1645.647,1651.698,1651.012,1661.152,1646.122,1652.602,59301360,187776
20221019,1651.467,1654.318,1627.487,1628.798,1652.833,1654.783,1628.002,1629.902,74689160,172139
20221020,1629.468,1645.438,1622.257,1627.398,1630.232,1645.882,1622.692,1628.802,81599330,174414
20221021,1627.407,1657.798,1617.067,1657.298,1628.653,1658.902,1617.502,1658.152,113119680,247174
20221024,1657.608,1670.748,1643.747,1648.998,1658.592,1671.392,1644.152,1650.302,102426600,224818
20221025,1649.547,1662.187,1638.098,1652.715,1651.133,1662.602,1638.522,1653.595,76765550,173478
20221026,1652.577,1674.678,1649.558,1664.398,1654.003,1675.163,1650.052,1664.852,74169220,175050
20221027,1663.717,1670.648,1654.668,1662.998,1664.973,1671.083,1655.102,1663.602,78211480,184779
20221028,1661.957,1666.858,1637.898,1644.498,1663.683,1667.323,1638.352,1645.152,68637370,166234
20221031,1643.398,1645.488,1631.578,1632.898,1645.102,1645.933,1631.952,1634.102,54483070,122195
20221101,1632.407,1656.878,1630.477,1647.398,1633.653,1657.252,1631.002,1648.702,68563710,161510
20221102,1647.758,1669.257,1634.747,1635.098,1648.952,1669.743,1635.102,1635.702,73170980,163551
20221103,1635.248,1640.858,1616.477,1629.298,1637.202,1641.243,1616.912,1629.802,76618810,171640
20221104,1628.547,1681.718,1628.398,1681.148,1630.393,1682.533,1629.042,1681.952,86418560,201728
20221107,1674.327,1681.758,1666.707,1675.098,1675.223,1682.163,1667.172,1676.102,64888450,158977
20221108,1674.297,1716.738,1664.557,1711.598,1676.003,1717.142,1664.952,1712.902,67147640,159260
20221109,1710.907,1722.168,1702.048,1706.548,1712.753,1722.633,1702.473,1707.102,77734490,187801
20221110,1706.547,1756.998,1703.648,1755.198,1707.153,1757.512,1704.192,1756.502,82249860,201109
20221111,1754.067,1772.448,1747.108,1771.198,1756.033,1773.382,1747.512,1772.052,84586560,206123
20221114,1765.917,1774.938,1753.098,1770.998,1766.803,1775.322,1753.512,1771.652,66033810,166079
20221115,1770.017,1786.367,1766.948,1778.298,1770.983,1786.783,1767.352,1779.702,101659660,242251
20221116,1777.427,1784.928,1770.167,1773.198,1779.223,1785.282,1770.552,1774.502,74723090,192068
20221117,1773.647,1774.668,1754.268,1760.098,1774.253,1775.132,1754.702,1760.702,75330660,187223
20221118,1760.138,1767.578,1747.317,1750.398,1762.113,1767.962,1747.752,1751.302,64888210,153274
20221121,1749.817,1752.807,1732.338,1737.548,1751.473,1753.302,1732.792,1738.452,53852630,139256
20221122,1737.888,1749.598,1736.867,1739.798,1739.252,1749.952,1737.272,1740.652,49931020,123143
20221123,1739.357,1753.177,1728.137,1749.225,1740.903,1753.663,1728.342,1749.985,60204510,143755
20221124,1749.327,1758.468,1748.598,1754.968,1751.053,1758.902,1749.533,1755.762,39375280,100342
20221125,1754.798,1760.958,1745.848,1754.417,1755.802,1761.423,1746.262,1754.903,43504360,118062
20221128,1755.787,1763.618,1739.458,1741.148,1757.053,1763.982,1739.862,1741.702,63585470,157212
20221129,1740.128,1758.898,1739.348,1749.198,1742.032,1759.262,1740.102,1750.402,55924060,140714
20221130,1749.407,1769.898,1744.717,1768.098,1750.013,1770.243,1745.102,1768.702,67267190,164918
20221201,1768.618,1803.998,1767.757,1802.948,1769.382,1804.433,1768.752,1803.502,76120840,183349
20221202,1802.197,1804.298,1778.418,1797.248,1803.603,1804.763,1778.752,1798.102,75550670,172121
20221205,1795.937,1809.758,1766,1767.898,1797.173,1810.223,1766.002,1769.502,68967390,163213
20221206,1767.947,1780.728,1767.118,1770.798,1768.553,1781.083,1767.502,1771.302,61564200,140622
20221207,1770.397,1790.357,1768.588,1785.848,1771.503,1790.842,1769.002,1786.452,65764050,153791
20221208,1786.718,1794.728,1781.268,1788.598,1787.482,1795.092,1781.732,1789.702,53493340,132338
20221209,1788.627,1805.998,1788.298,1795.397,1790.533,1806.392,1788.732,1799.633,62109150,151579
20221212,1795.687,1797.067,1777.417,1780.515,1796.213,1797.823,1777.805,1782.315,46229970,124509
20221213,1780.377,1824.358,1780.198,1810.098,1781.923,1824.665,1781.225,1811.402,38486920,203676
20221214,1809.797,1814.035,1795.008,1806.225,1811.403,1814.425,1795.942,1808.225,37095610,187869
20221215,1806.597,1808.545,1773.608,1776.525,1808.143,1808.902,1774.055,1777.445,36778500,207699
20221216,1776.347,1794.198,1774.205,1792.598,1777.453,1794.485,1774.542,1793.602,32734160,168695
20221219,1792.257,1798.637,1783.785,1787.298,1793.423,1798.915,1784.092,1787.852,27477020,140426
20221220,1786.917,1821.035,1784.505,1816.675,1788.203,1821.335,1784.845,1818.535,41061030,218802
20221221,1817.897,1823.685,1811.705,1813.998,1818.503,1824.005,1812.045,1814.702,30700110,150589
20221222,1813.477,1820.325,1784.627,1791.798,1814.783,1820.645,1785.055,1793.402,29080000,167731
20221223,1792.428,1803.095,1791.065,1798.198,1793.452,1803.475,1791.425,1798.702,27451690,143608
20221227,1800.047,1833.215,1799.687,1812.878,1801.803,1833.683,1800.802,1814.732,31541890,144250
20221228,1813.037,1814.415,1796.905,1803.498,1814.823,1814.943,1797.242,1804.902,28037150,137237
20221229,1803.497,1820.015,1803.497,1814.545,1805.103,1820.415,1804.052,1815.202,27349170,134677
20221230,1814.047,1825.877,1813.175,1823.463,1815.693,1826.275,1813.515,1824.252,56788620,168270
20230103,1826.837,1849.865,1823.287,1839.048,1828.763,1850.182,1824.895,1839.652,41297380,208176
20230104,1838.797,1865.035,1836.048,1853.798,1839.403,1865.345,1836.395,1855.402,44793240,207226
20230105,1854.147,1858.875,1824.995,1832.648,1855.673,1859.195,1825.322,1833.202,38527540,189409
20230106,1830.042,1869.765,1830.032,1865.598,1831.173,1870.115,1831.103,1866.252,41487070,187291
20230109,1867.537,1881.445,1864.477,1870.925,1868.063,1881.823,1866.013,1872.205,29478180,172739
20230110,1870.507,1880.635,1867.745,1876.298,1871.873,1880.972,1868.085,1877.802,32665390,167832
20230111,1876.697,1886.548,1867.015,1874.898,1877.303,1886.855,1867.375,1876.302,32288420,161582
20230112,1874.997,1901.475,1872.76,1896.298,1876.633,1901.855,1874.743,1898.002,35461420,199848
20230113,1895.297,1921.798,1892.205,1919.398,1895.903,1922,1892.545,1921.302,38002660,186958
20230116,1920.337,1928.885,1910.665,1913.705,1920.863,1929.225,1911.025,1914.072,23759100,110259
20230117,1914.837,1918.925,1903.675,1908.195,1916.563,1919.245,1904.002,1909.502,27948540,163673
20230118,1907.577,1925.798,1896.495,1903.298,1909.203,1926.155,1896.835,1905.002,41790320,211403
20230119,1904.747,1935.045,1900.855,1931.205,1905.353,1935.375,1901.195,1933.075,41806400,189728
20230120,1931.737,1937.435,1920.508,1925.298,1932.703,1937.745,1920.802,1926.902,31964230,158429
20230123,1926.128,1935.445,1911.248,1930.848,1927.972,1935.795,1911.585,1931.302,35581650,164330
20230124,1930.597,1942.348,1917.065,1936.698,1931.203,1942.665,1917.365,1938.002,36658610,159316
20230125,1937.397,1947.945,1919.697,1945.695,1938.003,1948.255,1920.045,1946.802,27910480,155966
20230126,1946.697,1949.085,1918.627,1928.585,1947.303,1949.502,1918.902,1929.753,29952540,163185
20230127,1928.397,1934.918,1916.525,1927.598,1930.072,1935.303,1916.912,1928.652,30755420,146872
20230130,1927.108,1934.425,1920.585,1922.075,1928.092,1934.792,1920.902,1923.845,24680010,141468
20230131,1922.207,1930.998,1900.665,1927.475,1923.753,1931.312,1901.035,1929.325,28686810,162952
20230201,1927.538,1954.448,1920.435,1950.098,1929.162,1954.785,1920.765,1950.865,35926220,184267
20230202,1950.388,1959.625,1911.225,1911.755,1951.512,1959.953,1911.502,1913.165,36018800,218194
20230203,1911.607,1918.485,1861.255,1864.548,1912.693,1918.845,1861.552,1865.752,39150700,207239
20230206,1864.508,1881.198,1859.647,1866.698,1865.292,1881.633,1860.943,1868.202,32178000,171545
20230207,1866.937,1884.348,1864.898,1872.998,1868.383,1884.783,1865.175,1873.752,36655080,190322
20230208,1872.097,1886.345,1868.898,1875.248,1872.703,1886.653,1869.342,1875.802,27179800,150453
20230209,1874.727,1890.098,1858.855,1861.548,1876.413,1890.415,1859.152,1862.102,27202390,161435
20230210,1861.637,1872.035,1852.588,1864.698,1862.273,1872.385,1852.955,1866.402,28141470,166141
20230213,1863.917,1866.395,1850.325,1853.348,1865.883,1866.795,1850.665,1853.902,25071830,132271
20230214,1853.007,1870.467,1843.165,1853.948,1854.553,1870.953,1843.502,1854.452,40687220,194845
20230215,1854.017,1859.998,1830.475,1835.698,1855.053,1860.352,1830.795,1836.252,28166140,164627
20230216,1835.597,1845.158,1827.555,1835.065,1836.203,1845.465,1827.852,1836.805,26628900,161196
20230217,1836.258,1843.505,1818.805,1841.898,1837.042,1843.835,1819.125,1842.802,25683100,153356
20230220,1840.407,1847.405,1837.145,1840.965,1841.553,1847.715,1837.505,1841.657,17148580,83025
20230221,1841.304,1843.738,1830.095,1834.675,1842.496,1844.085,1830.415,1835.765,31192650,153966
20230222,1834.424,1845.905,1823.425,1824.435,1835.016,1846.215,1823.735,1825.835,30071870,150709
20230223,1825.154,1833.685,1817.395,1821.585,1826.506,1834.085,1817.702,1822.785,27344180,148621
20230224,1821.444,1827.715,1808.865,1810.665,1823.156,1828.055,1809.195,1811.502,27581360,158558
20230227,1810.758,1820.055,1806.538,1816.898,1811.542,1820.375,1806.885,1817.352,24543060,141503
20230228,1816.634,1831.045,1804.594,1826.648,1817.226,1831.355,1804.942,1827.252,27945380,143863
20230301,1826.104,1844.408,1822.938,1835.935,1827.336,1845.315,1823.275,1837.302,28346190,152047
20230302,1836.308,1838.865,1829.854,1835.615,1837.452,1839.195,1830.215,1836.445,32104680,151333
20230303,1835.654,1856.768,1835.404,1855.798,1836.246,1857.732,1835.982,1857.052,26543350,136406
20230306,1854.644,1858.168,1845.015,1846.015,1855.156,1858.485,1845.355,1847.055,26961280,128157
20230307,1846.248,1851.555,1812.655,1812.795,1847.932,1851.845,1812.952,1814.105,26516070,160670
20230308,1812.968,1824.185,1809.248,1813.305,1814.112,1824.485,1809.575,1814.415,24970370,138620
20230309,1812.808,1835.565,1811.805,1830.815,1814.752,1835.895,1812.145,1831.302,22763030,127933
20230310,1830.434,1870.065,1827.675,1867.448,1831.746,1870.405,1827.972,1868.202,47097580,221548
20230313,1872.398,1914.475,1871.328,1912.705,1874,1914.855,1871.685,1913.845,67362790,328954
20230314,1913.514,1913.984,1895.228,1903.698,1915.006,1915.006,1895.635,1904.252,44332240,241794
20230315,1903.414,1937.295,1885.565,1918.055,1904.386,1937.635,1885.925,1919.502,49171460,273219
20230316,1917.708,1933.385,1907.455,1919.248,1918.492,1933.695,1907.755,1919.895,49588620,254031
20230317,1920.774,1988.998,1918.135,1987.798,1922.372,1990.502,1918.445,1990.502,44892250,249661
20230320,1984.148,2009.695,1965.748,1978.375,1985.802,2010.015,1966.085,1979.425,45621160,264869
20230321,1978.308,1985.025,1935.194,1939.205,1979.092,1985.365,1935.602,1940.455,36842390,192033
20230322,1939.658,1978.705,1934.175,1969.525,1940.642,1979.055,1934.485,1971.875,42585860,209787
20230323,1969.714,2003.185,1964.644,1992.598,1971.206,2003.515,1964.956,1993.695,43526750,228167
20230324,1993.198,2002.848,1975.085,1977.988,1994.432,2003.276,1975.475,1978.712,41321790,225237
20230327,1979.798,1979.798,1943.895,1956.275,1981.602,1981.602,1944.246,1957.525,31679050,175735
20230328,1955.504,1975.148,1949.028,1972.915,1957.446,1975.485,1949.365,1974.045,31469310,156655
20230329,1972.558,1974.224,1958.575,1963.625,1974.202,1974.625,1958.945,1965.095,28822760,136440
20230330,1963.484,1984.195,1955.204,1979.715,1965.476,1984.535,1955.565,1980.715,32613050,149150
20230331,1979.884,1987.485,1966.754,1968.748,1980.896,1987.872,1967.082,1969.602,34525280,161184
20230403,1972.298,1990.365,1949.595,1984.295,1973.202,1990.675,1949.975,1985.685,36281330,174023
20230404,1983.344,2024.848,1976.825,2019.875,1985.136,2025.205,1977.215,2020.955,35349750,163118
20230405,2020.094,2031.968,2009.885,2020.195,2021.346,2032.255,2010.252,2021.405,30457040,153808
20230406,2020.404,2021.248,2001,2006.476,2021.846,2021.846,2001.095,2007.802,30350570,145396
20230410,1993.341,2006.355,1981.545,1990.955,1993.342,2006.935,1981.922,1991.855,22482850,120218
20230411,1991.084,2007.348,1988.615,2003.005,1992.616,2007.645,1988.975,2004.555,22699410,119721
20230412,2003.274,2028.235,2001.225,2014.635,2004.266,2028.505,2001.536,2015.475,31500970,163982
20230413,2013.974,2048.538,2013.518,2039.498,2015.646,2048.926,2014.202,2040.505,28525760,144540
20230414,2039.454,2047.335,1992.285,2003.498,2040.966,2047.665,1992.605,2005.102,35670630,183105
20230417,1998.498,2014.885,1980.974,1994.195,1999.402,2015.225,1981.375,1995.585,26933910,148645
20230418,1994.688,2011.748,1991.195,2005.048,1995.932,2012.045,1991.502,2005.652,22903260,132823
20230419,2004.704,2008.045,1969.155,1994.605,2006.116,2008.385,1969.492,1995.495,29605390,162636
20230420,1994.564,2012.255,1990.385,2004.598,1995.996,2012.595,1990.735,2005.052,25793400,143995
20230421,2004.424,2005.495,1971.515,1982.248,2006.102,2006.102,1971.875,1983.952,26516890,153923
20230424,1980.748,1990.728,1973.995,1988.938,1981.902,1991.015,1974.305,1989.462,26157880,139747
20230425,1988.704,2003.798,1976.015,1996.698,1990.096,2004.095,1976.352,1997.725,33561710,164317
20230426,1997.004,2009.204,1983.198,1988.198,1997.596,2009.655,1983.535,1989.515,34323170,180901
20230427,1989.034,2003.258,1973.865,1987.598,1990.386,2003.892,1974.316,1988.152,41109370,179420
20230428,1987.404,1994.915,1975.905,1989.548,1988.686,1995.305,1976.496,1990.602,31209770,178333
20230501,1990.398,2005.848,1976.925,1981.198,1991.982,2006.272,1977.366,1983.102,30715600,147290
20230502,1981.344,2019.248,1978.324,2016.325,1982.476,2019.595,1978.685,2016.975,32224630,163143
20230503,2016.488,2040.298,2007.414,2038.798,2018.156,2040.826,2008.34,2039.502,29261260,164757
20230504,2039.274,2079.778,2030.214,2049.498,2041.236,2081.292,2030.575,2050.775,53468170,249222
20230505,2049.644,2052.925,1999.455,2016.298,2051.386,2053.235,1999.752,2017.402,76076930,198023
20230508,2016.608,2029.334,2014.134,2020.625,2017.392,2029.622,2014.552,2022.415,76556310,152187
20230509,2020.404,2037.494,2019.344,2033.868,2021.796,2037.682,2019.615,2035.132,88654230,166855
20230510,2033.954,2048.114,2021.434,2029.465,2035.066,2048.495,2021.685,2031.325,102128350,203935
20230511,2029.944,2041.214,2011.044,2014.595,2030.612,2041.622,2011.325,2015.332,127811280,236268
20230512,2014.654,2022.494,2000.825,2009.798,2015.896,2022.775,2001.135,2011.702,75348920,190165
20230515,2007.498,2022.114,2006.998,2015.678,2009.152,2022.385,2007.762,2017.002,77636580,163037
20230516,2015.304,2018.235,1985.405,1988.848,2017.096,2018.605,1985.745,1989.552,96568800,194714
20230517,1989.104,1992.985,1974.935,1981.298,1989.696,1993.312,1975.262,1982.732,89272680,180872
20230518,1981.464,1985.944,1951.885,1957.348,1982.482,1986.235,1952.205,1957.902,51410760,165421
20230519,1956.418,1984.075,1953.905,1977.448,1957.912,1984.512,1954.245,1978.202,29291930,161995
20230522,1976.478,1982.505,1968.765,1971.645,1978.182,1982.845,1969.125,1972.285,26590120,144695
20230523,1970.864,1977.554,1954.084,1974.698,1972.796,1977.916,1954.405,1975.702,34162270,172905
20230524,1974.684,1985.194,1956.548,1956.648,1976.456,1985.465,1956.915,1957.372,28820130,165006
20230525,1956.104,1964.625,1938.658,1941.005,1958.096,1964.925,1939.015,1941.702,29568120,166877
20230526,1939.844,1957.215,1936.655,1945.788,1941.426,1957.556,1936.975,1947.212,32316150,162467
20230529,1942.078,1949.575,1940.145,1943.054,1943.122,1949.935,1940.485,1943.505,14114720,75964
20230530,1943.704,1963.378,1931.905,1959.088,1944.996,1963.705,1932.265,1959.612,28245690,154091
20230531,1958.788,1974.628,1953.498,1962.398,1959.632,1974.945,1953.835,1963.172,30778150,154166
20230601,1962.204,1983.015,1953.255,1977.098,1963.496,1983.335,1953.595,1978.102,28216400,154363
20230602,1976.804,1983.315,1947.164,1947.738,1977.396,1983.662,1948.012,1948.462,28265980,148583
20230605,1947.045,1963.955,1938.045,1961.448,1947.902,1964.305,1938.355,1962.052,22857850,134503
20230606,1960.964,1966.238,1954.255,1963.198,1962.356,1966.535,1954.615,1963.842,20849020,123853
20230607,1963.214,1970.085,1939.638,1939.715,1964.386,1970.415,1940.062,1941.125,22293290,134724
20230608,1940.344,1970.398,1939.544,1965.148,1941.376,1970.685,1940.136,1965.752,27523140,142078
20230609,1965.304,1972.928,1956.475,1960.798,1966.382,1973.285,1956.795,1961.562,20903080,118079
20230612,1959.324,1966.865,1949.125,1957.548,1961.266,1967.165,1949.496,1958.252,23769450,127406
20230613,1957.114,1970.724,1939.935,1943.448,1957.706,1971.382,1940.252,1944.152,25919270,149536
20230614,1943.624,1960.205,1939.498,1941.238,1944.536,1960.536,1940.005,1942.525,26072410,146123
20230615,1941.964,1960.125,1924.898,1957.628,1943.476,1960.455,1925.322,1958.322,31343920,172997
20230616,1957.008,1967.825,1953.165,1957.358,1958.712,1968.185,1953.512,1958.212,30051230,151496
20230619,1957.198,1958.685,1947.685,1950.125,1958.652,1959.005,1948.015,1950.562,17317840,83767
20230620,1950.575,1956.675,1929.705,1936.018,1951.476,1956.975,1930.005,1936.652,22864730,148352
20230621,1935.274,1939.375,1919.075,1932.198,1937.006,1939.705,1919.402,1932.902,25223530,159580
20230622,1932.198,1934.845,1912.224,1912.255,1932.902,1935.265,1912.762,1915.015,21543060,145803
20230623,1913.504,1937.238,1910.065,1920.388,1914.096,1937.652,1910.416,1921.462,23611900,143207
20230626,1924.948,1933.245,1921.425,1921.875,1925.752,1933.582,1921.745,1924.595,19210300,129634
20230627,1922.604,1930.585,1910.785,1913.395,1923.796,1930.875,1911.095,1914.675,22448580,142872
20230628,1913.008,1917.155,1902.695,1906.978,1914.296,1917.495,1903.055,1907.942,23182420,133390
20230629,1907.404,1912.995,1892.915,1907.845,1908.682,1913.335,1893.256,1908.422,28094970,153680
20230630,1907.704,1922.628,1900.465,1919.538,1908.796,1922.915,1900.765,1920.612,28016940,152275
20230703,1918.898,1930.935,1909.965,1921.285,1920.552,1931.306,1910.302,1922.255,24223390,127470
20230704,1920.834,1930.615,1919.644,1925.725,1922.346,1930.945,1920.212,1926.115,17693850,79437
20230705,1925.674,1934.905,1914.565,1914.898,1926.786,1935.235,1915.082,1915.732,22680140,128127
20230706,1914.504,1927.505,1902.505,1910.745,1915.766,1927.845,1902.855,1911.052,28442680,144384
20230707,1910.234,1934.745,1909.408,1923.838,1911.886,1935.085,1909.815,1926.112,35441450,147014
20230710,1923.998,1928.075,1912.585,1925.008,1925.902,1928.546,1912.885,1925.602,21494010,121265
20230711,1924.468,1938.274,1924.175,1931.515,1926.072,1938.715,1924.565,1932.485,21263350,115175
20230712,1932.034,1959.595,1931.964,1956.705,1933.296,1959.895,1932.465,1957.865,24813590,142191
20230713,1955.934,1963.494,1952.245,1960.248,1957.606,1964.092,1952.666,1960.822,21576820,137872
20230714,1959.834,1963.585,1950.875,1954.748,1961.466,1963.992,1951.142,1955.602,20771100,143135
20230717,1954.048,1959.745,1945.638,1954.898,1955.315,1960.045,1946.045,1955.422,18604590,116273
20230718,1953.554,1984.195,1953.554,1977.965,1955.246,1984.535,1954.896,1980.075,29682650,157209
20230719,1978.384,1980.775,1969.645,1976.298,1979.556,1981.125,1969.985,1976.922,19876090,121673
20230720,1976.545,1987.385,1965.198,1969.088,1977.115,1987.732,1965.535,1969.862,21636480,135182
20230721,1969.215,1973.705,1956.678,1961.428,1970.185,1974.045,1957.045,1962.242,18312420,119718
20230724,1961.498,1967.725,1953.335,1954.298,1963.002,1968.055,1953.662,1955.102,19780500,120158
20230725,1954.285,1965.548,1951.898,1964.458,1955.802,1965.885,1952.155,1965.205,22212740,123545
20230726,1964.405,1978.118,1961.945,1971.215,1965.395,1978.565,1962.255,1973,22589640,140124
20230727,1970.998,1982.085,1942.525,1943.505,1972.982,1982.455,1942.865,1946.225,26317910,164975
20230728,1945.715,1963.374,1945.315,1958.465,1947.105,1963.715,1945.665,1960.155,31699530,157179
20230731,1958.608,1972.295,1950.655,1964.718,1960.505,1972.655,1950.962,1965.252,18712680,115055
20230801,1965.195,1965.885,1941.118,1943.498,1966.165,1966.625,1941.425,1945.222,17371440,116948
20230802,1949.608,1954.675,1932.885,1934.288,1951.125,1954.995,1933.212,1934.832,20180200,129957
20230803,1933.605,1938.815,1929.425,1933.778,1935.155,1939.152,1929.775,1934.392,20230420,125001
20230804,1933.644,1946.798,1924.898,1942.568,1934.785,1947.195,1925.576,1943.352,19534550,117239
20230807,1942.098,1946.605,1931.365,1935.718,1943.315,1947.036,1931.695,1937.502,14150060,86543
20230808,1936.515,1937.945,1922.655,1925.065,1938.175,1938.375,1922.955,1925.622,17993240,110291
20230809,1924.575,1932.255,1913.505,1913.515,1926.342,1932.545,1914.345,1915.112,13361950,89147
20230810,1914.655,1929.995,1911.748,1911.748,1915.272,1930.375,1912.402,1912.602,18116200,115239
20230811,1912.105,1920.815,1910.694,1913.378,1913.175,1921.265,1911.195,1914.222,15415100,93590
20230814,1912.255,1916.135,1902.595,1906.818,1914.095,1916.435,1902.872,1907.502,13737810,94997
20230815,1907.094,1911.525,1896.215,1901.498,1907.686,1911.865,1896.635,1902.202,22035950,126624
20230816,1900.915,1907.095,1891.148,1891.148,1902.095,1907.385,1891.752,1892.262,18732270,104159
20230817,1891.595,1903.375,1884.925,1888.418,1892.885,1903.712,1885.215,1890.112,19702690,117205
20230818,1889.075,1896.678,1886.675,1889.258,1890.402,1897.102,1887.002,1889.742,14205540,94268
20230821,1889.335,1898.665,1884.755,1894.498,1890.195,1898.995,1885.055,1895.102,15946580,104162
20230822,1894.548,1904.405,1889.018,1896.978,1896.172,1904.752,1889.355,1897.742,14587700,94581
20230823,1897.108,1920.275,1897.108,1914.438,1898.382,1920.565,1897.705,1916.242,16759660,105238
20230824,1914.498,1923.225,1911.655,1916.498,1916.002,1923.555,1911.975,1917.282,14601970,97863
20230825,1916.198,1922.265,1903.705,1914.778,1917.642,1922.585,1904.015,1915.922,16563840,104742
20230828,1915.548,1925.955,1912.675,1918.375,1916.652,1926.255,1913.015,1920.995,15530880,74246
20230829,1919.598,1938.095,1914.355,1937.238,1920.902,1938.395,1914.675,1937.982,16450880,91894
20230830,1937.085,1948.965,1934.838,1941.855,1937.925,1949.255,1935.175,1943.222,21055420,98305
20230831,1942.868,1947.825,1938.864,1939.658,1944.542,1948.095,1939.225,1940.762,18123910,82101
20230901,1938.898,1952.905,1934.355,1939.238,1940.892,1953.285,1934.652,1940.302,27675990,109368
20230904,1939.948,1946.185,1936.675,1938.225,1940.955,1946.532,1936.992,1938.515,12362840,49311
20230905,1937.798,1938.905,1925.205,1925.748,1939.252,1939.252,1925.535,1926.462,14461650,90922
20230906,1925.368,1929.055,1915.175,1916.418,1926.672,1929.395,1915.522,1917.002,15147710,92998
20230907,1916.545,1923.495,1915.945,1919.338,1918.016,1923.795,1916.435,1920.002,24075890,85463
20230908,1919.008,1929.595,1917.225,1918.258,1920.202,1929.925,1917.545,1919.542,13016690,82224
20230911,1919.865,1930.558,1916.584,1922.048,1920.802,1930.915,1916.885,1922.752,12894410,79288
20230912,1921.348,1924.395,1907.478,1913.258,1923.332,1924.765,1907.795,1913.952,14167010,74349
20230913,1911.695,1915.655,1905.555,1907.918,1913.132,1915.955,1905.876,1908.662,17540750,92266
20230914,1908.208,1912.825,1900.898,1910.448,1909.792,1913.142,1901.205,1911.102,26165470,119558
20230915,1910.068,1930.308,1909.725,1922.738,1911.822,1930.605,1910.052,1924.922,18642800,108502
20230918,1923.408,1934.128,1922.378,1933.538,1925.112,1934.502,1922.755,1934.182,14150520,79360
20230919,1933.048,1937.275,1929.675,1930.998,1934.752,1937.565,1929.965,1931.602,10480720,64734
20230920,1930.785,1947.315,1927.855,1929.755,1932.312,1947.615,1928.155,1931.072,18630900,106956
20230921,1930.744,1931.435,1913.808,1919.568,1931.336,1931.672,1914.075,1920.392,14741010,100505
20230922,1919.195,1929.015,1919.035,1924.818,1920.765,1929.305,1919.852,1925.642,10836220,75057
20230925,1924.335,1927.115,1915.045,1915.585,1925.575,1927.415,1915.365,1916.352,15213690,72277
20230926,1915.925,1916.715,1899.005,1900.448,1916.356,1916.972,1899.295,1901.052,13133250,81454
20230927,1900.335,1903.825,1872.445,1874.338,1900.876,1904.152,1872.762,1876.002,17629010,97535
20230928,1874.848,1879.485,1857.565,1863.958,1875.902,1879.795,1857.835,1865.702,21358110,121355
20230929,1864.985,1879.765,1846.205,1848.098,1866.475,1880.075,1846.495,1849.162,17105240,117710
20231002,1847.268,1848.835,1827.065,1827.848,1849.212,1849.212,1827.385,1828.402,17402280,116825
20231003,1828.265,1833.205,1815.245,1822.558,1829.932,1833.605,1815.535,1823.362,21661200,144415
20231004,1822.248,1830.455,1816.475,1820.898,1823.402,1831.045,1816.792,1821.952,19501880,138254
20231005,1821.098,1829.105,1812.924,1819.988,1822.532,1829.395,1813.215,1820.592,16750450,117621
20231006,1820.075,1834.725,1810.288,1832.698,1820.665,1835.055,1810.605,1833.452,20163840,135525
20231009,1847.405,1863.395,1844.135,1860.878,1848.255,1863.722,1844.442,1861.722,18940850,108916
20231010,1861.104,1865.315,1852.888,1860.048,1862.296,1865.622,1853.225,1860.952,16968730,106699
20231011,1859.498,1877.105,1858.535,1873.948,1861.492,1877.395,1858.825,1874.652,20517260,109297
20231012,1874.128,1884.885,1867.825,1868.495,1876.012,1885.495,1868.115,1869.645,19729940,106547
20231013,1868.715,1932.875,1868.715,1932.738,1869.295,1933.445,1869.295,1933.382,28099030,150170
20231016,1927.998,1929.355,1908.085,1919.138,1929.802,1930.395,1908.385,1920.742,21546330,120628
20231017,1919.138,1931.414,1912.315,1922.798,1920.752,1931.815,1912.662,1923.502,23299870,123204
20231018,1922.495,1962.545,1922.288,1947.318,1924.185,1962.865,1923.555,1947.942,23584970,140077
20231019,1947.575,1977.575,1945.125,1974.048,1948.162,1977.885,1945.445,1974.952,25478960,149800
20231020,1974.418,1997.135,1971.905,1980.648,1975.692,1997.462,1972.225,1981.802,27113420,154419
20231023,1967.114,1982.725,1964.275,1971.848,1968.426,1983.015,1964.575,1973.702,21467240,125452
20231024,1972.584,1980.735,1953.404,1970.598,1973.135,1981.065,1953.802,1971.202,20973480,121701
20231025,1971.265,1987.115,1962.854,1979.098,1972.462,1987.525,1963.272,1980.902,23084810,124005
20231026,1978.875,1993.385,1971.655,1984.448,1980.395,1993.722,1971.965,1985.052,23408120,138903
20231027,1984.494,2009.395,1976.755,2005.648,1985.086,2009.705,1977.072,2007.252,23066440,135343
20231030,2004.135,2006.685,1990.835,1995.728,2004.725,2007.252,1991.135,1996.382,27802940,135788
20231031,1995.015,2007.734,1978.735,1983.498,1996.905,2008.135,1979.075,1984.052,24844830,133885
20231101,1982.778,1991.898,1969.815,1982.248,1984.735,1992.706,1970.135,1982.832,24505300,135839
20231102,1983.525,1990.935,1978.775,1985.478,1984.485,1991.225,1979.065,1986.032,17821410,105434
20231103,1984.758,2003.968,1983.155,1992.058,1986.195,2004.265,1983.495,1993.102,23359670,125475
20231106,1991.698,1992.955,1977.228,1977.598,1993.302,1993.305,1977.632,1978.092,13681770,91500
20231107,1977.198,1978.175,1956.598,1969.028,1979.092,1979.092,1956.945,1969.632,19970020,104752
20231108,1968.268,1970.955,1947.325,1949.848,1970.082,1971.305,1947.642,1950.185,17232400,102205
20231109,1948.958,1965.498,1944.575,1958.298,1950.252,1965.895,1944.826,1958.952,20662520,117981
20231110,1958.098,1960.695,1932.865,1938.148,1959.452,1960.985,1933.272,1938.802,17672190,105889
20231113,1938.165,1949.115,1931.515,1945.948,1940.145,1949.405,1931.892,1946.332,19155510,97826
20231114,1945.568,1970.835,1937.978,1963.178,1947.132,1971.182,1938.842,1963.562,19135590,107009
20231115,1962.094,1975.148,1955.325,1959.048,1963.866,1975.595,1955.635,1959.602,19650700,118870
20231116,1959.108,1987.848,1956.365,1980.998,1960.992,1988.155,1956.685,1981.502,19890640,114973
20231117,1980.235,1993.335,1978.478,1980.398,1982.105,1993.682,1978.805,1981.102,18017730,105844
20231120,1977.698,1985.085,1965.355,1977.774,1979.102,1985.415,1965.665,1978.306,19257910,124739
20231121,1977.648,2007.475,1977.638,1998.098,1978.702,2007.805,1978.122,1998.752,24879170,144192
20231122,1998.598,2006.318,1986.805,1989.548,1999.652,2006.625,1987.135,1990.202,23829350,132701
20231123,1988.415,1998.408,1988.415,1992.555,1990.305,1998.715,1989.992,1992.925,11005330,64926
20231124,1991.698,2003.515,1991.338,2000.505,1993.552,2003.835,1991.685,2000.795,15770170,79372
20231127,2000.995,2018.085,2000.398,2013.848,2002.955,2018.315,2000.856,2014.282,20310740,120973
20231128,2013.195,2042.915,2011.478,2040.598,2015.165,2043.265,2011.865,2041.202,21352800,118742
20231129,2040.875,2051.865,2035.205,2043.998,2041.505,2052.235,2035.585,2044.652,27235390,149488
20231130,2045.085,2047.118,2031.258,2036.098,2045.675,2047.385,2031.765,2036.602,21602120,125061
20231201,2036.218,2075.265,2033.805,2071.668,2037.982,2075.575,2034.125,2072.372,27147560,145253
20231204,2072.525,2145.135,2019.925,2028.965,2074.455,2146.885,2020.255,2030.302,47067550,223659
20231205,2029.154,2041.155,2009.855,2019.048,2029.706,2041.455,2010.102,2019.652,30765980,167429
20231206,2018.575,2035.785,2017.098,2025.218,2020.102,2036.105,2017.435,2025.572,23531420,129298
20231207,2025.545,2039.778,2020.075,2028.418,2027.295,2040.105,2020.395,2028.832,26329750,140102
20231208,2028.028,2033.874,1994.555,2004.418,2029.772,2034.225,1994.895,2004.822,31592540,175090
20231211,2002.794,2007.705,1975.725,1981.624,2004.485,2007.995,1976.055,1982.186,21620590,120809
20231212,1981.955,1996.625,1977.115,1979.315,1982.605,1997.086,1977.452,1979.755,22205920,118288
20231213,1979.654,2027.648,1972.935,2027.385,1980.266,2028.075,1973.295,2028.075,27414030,138518
20231214,2025.945,2047.775,2023.795,2036.255,2027.876,2048.105,2024.802,2036.705,36753250,195323
20231215,2036.355,2044.815,2015.515,2019.485,2037.005,2045.105,2015.825,2020.166,28007390,150963
20231218,2018.898,2033.615,2015.885,2026.984,2020.702,2033.935,2016.235,2027.546,20888600,99491
20231219,2026.828,2046.905,2021.605,2040.105,2028.575,2047.175,2021.895,2040.545,20860100,107103
20231220,2039.548,2043.375,2027.258,2031.735,2041.432,2043.705,2027.725,2032.175,19830560,113167
20231221,2031.698,2045.898,2031.465,2045.845,2032.722,2046.285,2031.795,2046.285,33682200,127143
20231222,2048.414,2070.525,2046.608,2052.908,2048.702,2070.895,2047.025,2053.272,51822890,158081
20231226,2053.025,2068.948,2052.895,2067.635,2055.025,2069.225,2053.702,2068.945,19409660,85497
20231227,2067.288,2084.345,2061.385,2077.495,2068.822,2084.655,2061.715,2078.155,18869220,101425
20231228,2076.804,2088.355,2064.448,2065.125,2077.996,2088.675,2064.885,2065.605,32505960,132772
20231229,2065.698,2074.645,2058.105,2062.688,2067.102,2075.075,2058.452,2063.112,33486760,138116
20240102,2062.598,2078.825,2055.818,2058.605,2064.562,2079.145,2056.145,2059.045,28431600,137708
20240103,2058.018,2065.835,2030.515,2041.195,2059.772,2066.175,2030.865,2041.975,28982460,161032
20240104,2041.895,2050.855,2036.155,2043.124,2042.452,2051.205,2036.492,2043.585,21027450,125314
20240105,2043.218,2063.838,2024.255,2045.355,2044.812,2064.175,2024.695,2045.975,32530750,169053
20240108,2044.385,2046.525,2016.604,2027.835,2046.355,2046.855,2016.995,2028.275,26465290,151023
20240109,2028.045,2041.898,2026.015,2029.885,2028.635,2042.115,2026.325,2030.405,29843640,136999
20240110,2029.408,2040.135,2020.395,2024.105,2031.162,2040.626,2020.692,2024.545,25348640,128027
20240111,2023.995,2043.864,2013.225,2028.695,2025.465,2047.166,2013.585,2029.135,38022900,181127
20240112,2027.708,2062.145,2027.708,2048.675,2029.502,2062.485,2029.102,2049.615,32256910,168120
20240115,2048.498,2058.505,2045.675,2054.505,2050.302,2058.835,2046.035,2054.962,17709590,87505
20240116,2053.914,2055.495,2024.165,2028.155,2055.736,2056.205,2024.515,2028.535,36085850,173422
20240117,2026.898,2032.815,2001.755,2005.945,2028.702,2033.145,2002.055,2006.485,34486410,165431
20240118,2005.204,2023.135,2004.905,2022.835,2007.115,2023.552,2006.005,2023.315,23371390,131017
20240119,2023.785,2039.278,2020.325,2029.375,2024.515,2039.652,2020.702,2030.005,25702130,122372
20240122,2029.715,2032.005,2016.448,2021.105,2030.305,2032.325,2016.765,2021.895,25856510,127117
20240123,2021.038,2037.808,2019.515,2029.015,2022.522,2038.095,2019.805,2029.545,25464300,125008
20240124,2028.278,2036.575,2011.105,2014.214,2029.892,2036.965,2011.405,2014.836,28481890,138319
20240125,2013.765,2025.175,2009.455,2020.505,2014.835,2025.515,2009.895,2021.105,28207890,141633
20240126,2019.854,2026.715,2015.845,2017.915,2021.616,2027.315,2016.185,2019.015,20329840,101928
20240129,2024.215,2037.465,2019.195,2032.955,2025.245,2037.785,2019.525,2033.435,22508560,103144
20240130,2032.855,2048.448,2028.935,2036.495,2033.706,2048.815,2029.325,2037.195,26683640,118736
20240131,2036.955,2055.878,2031,2039.105,2037.545,2056.175,2031.125,2040.085,32713940,163500
20240201,2039.625,2065.348,2029.905,2054.545,2041.306,2065.625,2030.245,2055.385,35147730,166694
20240202,2053.788,2057.545,2027.635,2039.275,2055.602,2057.865,2027.995,2040.455,31701620,143246
20240205,2040.054,2042.034,2014.835,2025.005,2040.946,2042.666,2015.095,2025.465,21242460,127527
20240206,2024.288,2038.785,2022.795,2035.365,2026.232,2039.095,2023.155,2036.025,20107320,103296
20240207,2035.218,2044.465,2030.505,2034.805,2036.782,2044.795,2030.805,2035.956,24585490,103105
20240208,2034.508,2038.635,2020.095,2033.785,2036.062,2038.945,2020.385,2034.955,23303850,105963
20240209,2033.878,2037.058,2020.195,2024.155,2035.322,2037.426,2020.542,2025.346,22220050,100141
20240212,2023.495,2027.505,2011.795,2019.885,2024.026,2027.825,2012.095,2020.355,19594960,82047
20240213,2019.188,2032.845,1989.985,1992.855,2020.812,2033.285,1990.332,1993.625,19672680,108811
20240214,1992.398,1996.025,1984.088,1992.105,1994.012,1996.325,1984.475,1992.615,18210150,95550
20240215,1991.388,2008.175,1990.175,2004.105,1993.332,2008.515,1990.482,2004.705,20210500,96608
20240216,2003.598,2015.095,1994.985,2013.055,2005.202,2015.385,1995.305,2013.625,21653590,96308
20240219,2014.595,2022.895,2009.935,2017.775,2016.016,2023.225,2012.705,2018.215,14520810,62974
20240220,2017.498,2030.765,2014.945,2024.095,2018.702,2031.102,2015.272,2024.585,18044140,89132
20240221,2023.588,2032.195,2019.915,2025.895,2025.212,2032.585,2020.245,2026.405,20154540,89672
20240222,2025.098,2034.708,2019.555,2024.514,2026.902,2034.995,2019.872,2025.396,23348640,97317
20240223,2023.618,2041.285,2015.955,2035.215,2025.212,2041.622,2016.295,2035.935,23283700,97022
20240226,2034.295,2036.965,2024.975,2030.885,2034.935,2037.332,2025.285,2031.585,21715990,87123
20240227,2030.398,2039.375,2028.725,2029.964,2032.002,2039.665,2029.022,2030.695,20439870,86164
20240228,2029.698,2037.805,2024.355,2034.085,2031.102,2038.115,2024.725,2034.735,18209740,86444
20240229,2034.228,2050.605,2028.015,2043.855,2035.172,2050.935,2028.315,2044.425,23125180,101919
20240301,2043.168,2088.215,2038.915,2082.395,2044.922,2088.555,2039.265,2083.145,32552930,124704
20240304,2081.835,2119.805,2079.308,2114.295,2082.585,2120.145,2079.615,2114.735,35460330,132314
20240305,2114.448,2141.748,2110.375,2127.755,2115.402,2142.065,2110.695,2128.195,38887030,157332
20240306,2127.188,2152.085,2123.615,2147.975,2128.612,2152.435,2123.925,2148.415,42179560,146826
20240307,2147.948,2164.635,2144.048,2159.715,2148.992,2165.032,2144.415,2160.315,39683650,147013
20240308,2159.098,2195.085,2153.895,2178.965,2160.302,2195.435,2154.215,2179.665,47474710,164562
20240311,2179.015,2188.925,2174.695,2182.085,2180.955,2189.305,2175.042,2183.015,30259570,118512
20240312,2182.008,2184.625,2150.455,2158.045,2183.592,2184.995,2150.845,2158.945,38233980,143401
20240313,2157.538,2179.745,2155.665,2174.065,2159.232,2180.075,2156.035,2174.745,41920350,125395
20240314,2173.568,2176.848,2152.665,2161.765,2175.532,2177.205,2153.002,2162.245,31596400,122598
20240315,2161.338,2172.615,2155.115,2155.625,2163.062,2172.955,2155.465,2156.195,24297860,109859
20240318,2155.395,2163.455,2145.985,2159.995,2155.985,2163.795,2146.335,2160.715,32146520,103408
20240319,2159.698,2162.745,2147.045,2156.995,2161.172,2163.065,2147.375,2158.235,26403780,102771
20240320,2157.298,2188.735,2149.475,2185.855,2158.772,2189.045,2149.815,2186.595,28749700,125095
20240321,2186.255,2222.875,2166.264,2180.815,2187.925,2223.305,2166.605,2181.585,43143730,192405
20240322,2181.285,2185.965,2157.035,2165.055,2181.875,2186.285,2157.302,2165.665,32809060,146546
20240325,2165.475,2181.205,2163.455,2171.235,2166.105,2181.542,2163.772,2172.675,25003800,132639
20240326,2171.195,2199.995,2167.458,2178.515,2172.512,2200.335,2167.825,2179.305,34429320,145413
20240327,2178.065,2197.505,2173.275,2194.335,2179.405,2197.805,2173.765,2194.865,25978700,117718
20240328,2193.998,2236.015,2187.225,2232.698,2195.712,2237.54,2187.585,2233.402,38441130,163958
20240401,2238.435,2265.585,2228.395,2251.585,2240.102,2265.955,2228.735,2252.185,34207790,166109
20240402,2251.268,2280.945,2246.585,2280.145,2252.732,2281.365,2246.895,2280.585,47832330,184861
20240403,2280.355,2301.035,2265.405,2299.755,2281.182,2301.475,2265.702,2300.195,57737920,204850
20240404,2299.025,2305.425,2279.688,2290.605,2300.785,2305.865,2279.905,2291.845,36039150,163434
20240405,2290.128,2330.345,2267.605,2328.195,2291.742,2331.005,2268.032,2331.005,60668220,228539
20240408,2323.125,2353.835,2302.755,2338.845,2323.605,2354.445,2303.195,2339.285,65420730,281778
20240409,2338.675,2365.185,2336.795,2352.675,2339.925,2365.565,2337.175,2353.315,58430700,253095
20240410,2352.308,2360.065,2319.265,2333.445,2353.735,2360.342,2319.612,2334.705,63886870,244648
20240411,2333.414,2377.545,2325.655,2371.705,2334.102,2377.915,2325.925,2373.015,50851980,224817
20240412,2371.498,2431.385,2333.755,2343.285,2372.865,2431.762,2334.065,2345.145,72751790,332275
20240415,2352.098,2387.448,2323.858,2382.835,2353.702,2387.815,2324.526,2383.275,76456150,316711
20240416,2382.238,2398.128,2362.844,2382.335,2383.296,2398.565,2363.215,2383.065,89225830,307957
20240417,2381.725,2395.448,2354.435,2360.395,2382.545,2395.775,2355.142,2361.365,52272100,256164
20240418,2361.674,2392.624,2361.375,2379.055,2362.286,2393.005,2361.825,2379.755,58352680,231098
20240419,2377.898,2417.745,2372.805,2390.295,2379.302,2418.175,2373.102,2390.745,72882890,297652
20240422,2387.635,2388.425,2324.555,2326.385,2388.465,2389.375,2324.895,2327.635,50316430,228263
20240423,2326.825,2334.305,2291.265,2321.535,2328.372,2334.705,2291.675,2322.465,82152370,275822
20240424,2321.498,2337.128,2311.635,2315.715,2322.992,2337.605,2311.995,2316.155,63428750,231887
20240425,2314.655,2344.708,2304.898,2331.735,2316.195,2345.095,2305.232,2332.425,67447930,229278
20240426,2331.675,2352.418,2326.165,2337.245,2333.025,2352.805,2326.535,2338.355,52087400,196450
20240429,2336.065,2346.585,2319.728,2335.085,2336.965,2347.005,2320.105,2336.325,51952870,217480
20240430,2334.648,2336.215,2284.975,2285.495,2336.425,2336.602,2285.385,2286.195,33555930,186792
20240501,2285.965,2328.225,2281.515,2318.115,2287.295,2328.665,2281.855,2320.215,61163910,221536
20240502,2319.298,2326.325,2285.358,2303.305,2320.562,2326.695,2285.772,2303.995,52830160,220093
20240503,2303.088,2320.548,2277.165,2301.175,2304.912,2320.922,2277.552,2302.895,56408450,200511
20240506,2304.655,2331.988,2291.645,2323.535,2305.525,2332.345,2292.122,2324.515,58979610,193949
20240507,2323.434,2329.788,2309.818,2313.795,2325.415,2330.115,2310.255,2314.405,41916350,169057
20240508,2313.785,2321.345,2303.555,2308.165,2315.225,2321.715,2303.935,2308.855,28019840,141316
20240509,2308.025,2347.095,2306.615,2345.985,2309.442,2347.425,2306.971,2346.495,53062580,186488
20240510,2345.385,2378.365,2342.965,2360.175,2347.055,2378.765,2345.515,2361.265,52465970,219243
20240513,2362.895,2364.355,2331.985,2336.545,2363.725,2364.755,2332.396,2336.985,44252280,183773
20240514,2334.935,2359.558,2334.695,2357.715,2336.526,2359.895,2335.065,2358.275,50935960,217269
20240515,2357.038,2390.188,2351.735,2385.425,2358.832,2390.505,2352.152,2386.855,61535350,259287
20240516,2386.065,2397.275,2370.845,2376.464,2386.735,2397.722,2371.265,2377.096,51152130,227826
20240517,2376.098,2422.575,2373.788,2414.525,2377.802,2422.962,2374.205,2415.895,50640120,212159
20240520,2417.098,2449.985,2407.145,2425.675,2418.875,2450.325,2407.565,2426.765,65545230,291201
20240521,2425.698,2433.838,2406.158,2420.365,2427.582,2434.155,2406.534,2421.195,59744560,257869
20240522,2421.034,2426.344,2374.855,2377.745,2421.746,2426.906,2375.202,2379.185,79515210,261160
20240523,2379.015,2383.605,2326.848,2328.375,2380.645,2384.025,2327.252,2329.405,74781150,306180
20240524,2327.808,2347.325,2325.265,2333.405,2329.762,2347.715,2325.635,2334.595,38854850,204989
20240527,2336.365,2358.388,2332.125,2350.754,2337.902,2358.755,2332.585,2351.082,38949110,157084
20240528,2351.098,2363.975,2340.155,2361.015,2352.502,2364.345,2340.516,2361.775,44286770,214562
20240529,2360.185,2362.105,2334.438,2337.755,2362.015,2363.385,2334.765,2338.485,44288680,207643
20240530,2337.098,2351.698,2322.458,2342.875,2339.042,2352.095,2322.865,2343.855,54711020,252339
20240531,2344.705,2359.598,2320.395,2326.995,2345.295,2359.945,2320.772,2327.815,56535150,254241
20240603,2327.425,2354.565,2314.635,2350.405,2328.175,2355.005,2314.992,2351.255,63611360,251555
20240604,2350.495,2352.645,2315.508,2326.675,2352.205,2353.045,2315.866,2327.115,64996200,263035
20240605,2325.918,2357.278,2325.785,2354.975,2327.892,2357.615,2326.172,2355.795,54647600,225951
20240606,2355.098,2378.408,2353.305,2375.375,2356.632,2378.745,2353.722,2376.365,54899700,234396
20240607,2374.968,2387.595,2286.628,2293.415,2376.642,2388.005,2287.045,2294.145,71877750,296625
20240610,2294.415,2313.655,2287.665,2310.645,2295.065,2314.035,2288.045,2311.095,40884310,188252
20240611,2311.954,2319.865,2297.595,2316.515,2312.525,2320.172,2298.015,2317.145,49497180,232777
20240612,2316.405,2341.495,2310.584,2324.675,2317.595,2341.915,2311.002,2325.325,72525230,259216
20240613,2324.305,2326.495,2295.395,2303.905,2326.192,2326.922,2295.825,2304.345,70407150,251134
20240614,2303.028,2336.575,2301.415,2332.184,2304.962,2336.865,2301.822,2333.185,56617890,247217
20240617,2331.098,2332.488,2309.895,2318.875,2332.902,2332.985,2310.202,2319.315,42801170,211144
20240618,2318.098,2333.008,2306.465,2329.165,2319.982,2333.335,2306.845,2329.605,46360790,204214
20240619,2328.585,2334.868,2323.984,2327.695,2330.215,2335.255,2323.985,2328.882,26059390,126040
20240620,2327.865,2365.375,2327.628,2359.695,2329.535,2365.735,2328.005,2360.265,49984310,219113
20240621,2359.298,2368.558,2316.588,2321.755,2361.012,2368.965,2316.955,2322.345,53356300,245431
20240624,2322.775,2334.595,2317.575,2333.695,2324.495,2335,2317.955,2334.135,50280550,226407
20240625,2333.205,2337.018,2315.405,2319.235,2335,2337.355,2315.795,2319.905,53693970,231598
20240626,2319.575,2323.738,2293.464,2298.035,2320.165,2324.282,2293.942,2298.675,53874130,259454
20240627,2298.098,2330.825,2296.425,2327.695,2299.492,2331.175,2296.762,2328.135,50998210,230114
20240628,2327.108,2339.635,2318.905,2326.275,2328.992,2339.995,2319.332,2327.025,53057780,231398
20240701,2326.315,2338.388,2318.395,2331.485,2327.765,2338.735,2318.782,2332.105,47742310,220994
20240702,2330.848,2336.668,2318.945,2329.335,2332.692,2337.075,2319.325,2329.945,46829660,213034
20240703,2329.098,2364.795,2326.685,2355.765,2330.902,2365.185,2327.102,2356.315,48858620,222781
20240704,2356.925,2362.385,2350.364,2356.555,2357.515,2362.795,2350.735,2357.532,25965120,129423
20240705,2356.615,2392.815,2347.515,2390.705,2357.325,2393.182,2350.502,2391.805,53746080,242854
20240708,2385.498,2390.935,2350.915,2358.625,2387.225,2391.335,2351.315,2359.455,50636730,243039
20240709,2358.338,2371.358,2349.455,2363.745,2360.022,2371.775,2349.772,2364.495,44277920,226553
20240710,2363.085,2386.548,2362.091,2370.995,2364.945,2386.915,2363.535,2371.555,42705360,194215
20240711,2371.035,2424.395,2370.235,2414.654,2372.372,2424.775,2371.596,2416.056,68747730,267681
20240712,2415.298,2418.128,2391.325,2410.534,2416.702,2418.495,2391.715,2411.896,54676620,242267
20240715,2412.455,2439.628,2401.225,2422.165,2413.505,2440.005,2401.595,2422.735,57587140,234814
20240716,2421.518,2469.575,2419.835,2468.355,2423.102,2469.835,2420.232,2469.345,63107390,250617
20240717,2467.945,2483.548,2451.425,2458.645,2469.635,2483.935,2451.792,2459.305,68111250,310364
20240718,2458.155,2474.805,2440.195,2444.915,2459.555,2475.195,2440.565,2445.355,61150420,275169
20240719,2444.635,2445.705,2393.675,2400.485,2446.526,2446.526,2394.105,2401.736,54657950,270527
20240722,2401.298,2412.035,2383.715,2396.045,2403.102,2412.475,2384.105,2396.855,54830990,246797
20240723,2395.658,2411.908,2388.135,2409.085,2397.132,2412.285,2388.525,2409.855,62990950,244206
20240724,2408.648,2431.945,2396.585,2397.015,2410.132,2432.235,2397.065,2397.965,58520590,260818
20240725,2397.005,2401.045,2353.005,2364.175,2398.165,2401.495,2353.406,2365.045,76194700,343447
20240726,2363.568,2390.655,2355.728,2386.765,2365.322,2391.045,2356.115,2388.135,47071500,242104
20240729,2387.645,2402.995,2369.518,2383.504,2388.945,2403.565,2369.875,2384.575,55582010,250138
20240730,2383.198,2412.705,2376.358,2410.375,2384.702,2413.065,2376.745,2411.285,57536130,242838
20240731,2409.898,2450.848,2403.765,2447.095,2411.285,2451.102,2404.165,2448.015,66866570,275520
20240801,2448.498,2462.125,2430.075,2446.065,2449.902,2462.555,2430.472,2446.925,84049310,335211
20240802,2445.668,2477.494,2410.664,2443.055,2447.202,2477.995,2411.136,2444.645,85564400,358802
20240805,2443.975,2458.655,2364.164,2410.005,2445.135,2459.152,2364.435,2410.895,123810840,427765
20240806,2409.295,2418.215,2381.515,2389.854,2411.045,2418.612,2381.875,2391.796,82459680,366979
20240807,2390.575,2406.858,2378.868,2382.495,2391.225,2407.365,2379.275,2383.445,95819400,313230
20240808,2383.524,2427.548,2380.855,2427.065,2383.996,2428.035,2381.242,2428.035,72539220,297176
20240809,2426.845,2436.884,2416.815,2430.925,2427.955,2437.315,2417.125,2431.365,60795030,257996
20240812,2430.298,2473.095,2423.695,2472.385,2432.102,2473.385,2424.125,2473.005,53230400,216937
20240813,2470.414,2476.845,2458.365,2464.855,2471.466,2477.225,2458.755,2465.445,55576600,235208
20240814,2466.498,2479.715,2438,2447.625,2467.702,2481,2438.325,2448.065,55547130,258987
20240815,2446.958,2469.945,2432.015,2456.545,2448.432,2470.355,2432.455,2457.286,58667600,257644
20240816,2456.385,2509.638,2450.565,2506.844,2457.645,2509.945,2450.995,2508.425,61775940,246038
20240819,2508.298,2509.998,2485.515,2503.885,2510.102,2510.702,2485.885,2504.495,59236220,259054
20240820,2503.275,2531.558,2497.235,2513.615,2504.635,2531.965,2497.595,2514.325,68014580,253923
20240821,2512.968,2519.795,2493.698,2512.055,2514.702,2520.225,2494.182,2512.705,51229780,225382
20240822,2511.698,2514.545,2470.705,2484.465,2513.112,2514.955,2470.962,2485.135,51258250,240083
20240823,2484.185,2518.195,2484.185,2512.235,2485.395,2518.635,2484.705,2513.095,62529680,256022
20240826,2511.275,2526.708,2508.585,2517.835,2511.925,2527.102,2509.052,2518.515,67936990,267151
20240827,2517.438,2525.818,2503.325,2524.355,2518.962,2526.182,2503.785,2524.825,58971090,257728
20240828,2524.605,2528.888,2493.515,2504.315,2525.195,2529.336,2493.852,2504.755,56072420,230305
20240829,2503.858,2528.558,2503.515,2521.085,2505.332,2528.935,2503.905,2521.525,52783040,211435
20240830,2520.425,2526.725,2494.048,2502.925,2522.215,2527.145,2494.436,2503.855,50633910,219966
20240902,2502.435,2507.125,2489.915,2499.228,2503.025,2507.485,2490.335,2499.755,27624290,126262
20240903,2499.098,2506.165,2473.245,2492.665,2500.502,2506.535,2473.642,2493.495,48584300,231492
20240904,2492.495,2500.145,2471.718,2495.285,2493.505,2500.566,2472.025,2496.275,55754220,206693
20240905,2494.725,2523.448,2493.665,2516.475,2496.365,2523.675,2494.082,2517.045,51368260,224465
20240906,2516.048,2529.125,2485.015,2497.035,2517.612,2529.515,2485.386,2497.805,63021420,261001
20240909,2497.098,2507.088,2485.405,2506.115,2498.902,2507.455,2485.855,2506.705,57273670,223984
20240910,2505.898,2518.304,2500.024,2516.415,2507.502,2518.695,2500.385,2516.855,49312450,202221
20240911,2515.978,2528.885,2500.825,2511.555,2517.352,2529.285,2501.222,2512.065,74622260,260113
20240912,2511.015,2559.978,2510.885,2558.485,2512.585,2560.315,2511.285,2559.125,64380750,246925
20240913,2557.698,2585.965,2556.538,2577.615,2559.502,2586.325,2556.965,2578.415,76496410,255088
20240916,2578.725,2589.515,2575.115,2582.235,2579.315,2589.885,2575.555,2582.985,54534220,189962
20240917,2581.745,2586.835,2560.984,2569.155,2583.675,2587.225,2560.985,2569.865,55039000,216102
20240918,2568.698,2599.995,2546.645,2558.664,2570.252,2600.516,2547.116,2559.606,72500230,253272
20240919,2558.645,2594.775,2551.005,2586.645,2559.685,2595.055,2551.442,2587.085,73527910,297117
20240920,2585.848,2625.574,2584.654,2621.504,2587.842,2626.022,2585.055,2622.696,81270690,263582
20240923,2620.915,2634.715,2613.685,2628.405,2621.485,2635.095,2614.115,2629.125,69490390,257416
20240924,2628.045,2664.204,2622.475,2656.804,2629.555,2664.575,2622.915,2657.866,79596300,285009
20240925,2657.105,2670.348,2649.715,2656.954,2658.305,2670.802,2649.972,2657.395,64644910,242711
20240926,2656.474,2685.405,2654.685,2671.964,2657.495,2685.785,2655.052,2672.846,78361780,278424
20240927,2671.268,2674.134,2643.111,2657.955,2672.972,2674.495,2643.392,2658.895,96611900,318179
20240930,2657.935,2665.858,2624.538,2634.204,2659.005,2666.215,2625.022,2635.155,77098790,277688
20241001,2633.898,2672.908,2632.184,2663.005,2635.102,2673.416,2632.755,2663.845,59370940,230159
20241002,2662.438,2663.194,2640.954,2658.345,2664.122,2664.122,2641.375,2659.255,50758190,222584
20241003,2658.035,2662.775,2636.255,2655.715,2659.565,2663.235,2638.634,2656.545,46042950,203276
20241004,2654.878,2670.065,2632.068,2653.545,2656.745,2670.405,2632.306,2654.015,53761480,225441
20241007,2650.375,2659.465,2637.688,2642.625,2652.302,2659.885,2637.965,2643.115,47805620,199527
20241008,2641.965,2652.885,2604.575,2621.385,2643.265,2653.102,2604.985,2622.175,76439690,289245
20241009,2620.638,2624.165,2605.045,2607.465,2622.255,2624.605,2605.365,2608.135,49453880,225854
20241010,2606.828,2631.435,2601.734,2629.595,2608.422,2631.785,2603.221,2630.355,72228980,260675
20241011,2629.098,2661.258,2627.995,2656.835,2630.302,2661.655,2628.442,2657.895,50343310,206596
20241014,2656.298,2666.705,2643.058,2648.424,2657.902,2667.116,2643.452,2649.556,41407610,169676
20241015,2646.905,2668.805,2637.955,2662.345,2648.702,2669.155,2638.335,2662.905,58973200,231039
20241016,2662.098,2685.298,2658.558,2673.435,2663.212,2685.555,2658.965,2674.355,50131570,228790
20241017,2673.015,2696.605,2672.914,2692.675,2674.965,2696.975,2673.452,2693.245,60862320,244169
20241018,2691.998,2722.405,2691.665,2721.105,2693.552,2722.815,2692.585,2722.095,67067040,257298
20241021,2720.098,2740.418,2714.165,2719.124,2721.702,2740.835,2714.492,2720.076,71888840,277499
20241022,2720.054,2748.775,2718.798,2748.525,2720.542,2749.315,2719.372,2749.285,58448120,241371
20241023,2748.155,2758.338,2708.635,2715.014,2748.755,2758.716,2708.972,2715.665,77415250,275883
20241024,2715.044,2743.175,2714.764,2735.875,2716.416,2743.552,2715.645,2736.625,65493100,265793
20241025,2735.318,2747.635,2716.885,2746.625,2736.812,2748.302,2717.285,2748.215,59584860,240968
20241028,2735.698,2745.788,2724.545,2742.055,2737.302,2746.155,2724.965,2742.815,65214210,251436
20241029,2741.678,2774.715,2739.605,2774.425,2743.222,2775.255,2740.195,2775.175,65553380,268752
20241030,2773.898,2789.925,2770.795,2787.205,2775.582,2790.235,2771.102,2787.905,66365140,274546
20241031,2788.014,2790.005,2731.415,2743.765,2788.556,2790.315,2731.845,2744.235,79727170,271305
20241101,2743.945,2762.048,2733.095,2735.895,2744.535,2762.485,2733.425,2736.905,81253020,287227
20241104,2733.298,2748.015,2730,2736.225,2735.102,2748.455,2730.902,2737.045,55455580,249989
20241105,2735.698,2749.875,2724.695,2743.694,2737.302,2750.205,2724.945,2744.856,59165770,235333
20241106,2742.898,2749.605,2652.295,2658.895,2744.302,2749.835,2652.685,2659.555,113182180,421326
20241107,2658.695,2710.244,2643.134,2705.995,2659.885,2710.632,2643.665,2706.945,85440830,319403
20241108,2705.788,2710.235,2680.215,2684.035,2707.012,2710.625,2680.555,2684.605,80907040,282880
20241111,2683.898,2686.025,2610.515,2619.375,2685.702,2686.466,2610.896,2620.285,88136440,276559
20241112,2618.618,2627.015,2589.508,2597.895,2619.782,2627.395,2589.905,2598.595,63211990,281185
20241113,2597.628,2618.628,2572.125,2572.195,2598.912,2619.165,2572.795,2573.366,76551380,283938
20241114,2572.245,2581.198,2536.664,2564.145,2573.455,2581.675,2537.075,2565.205,101905680,345753
20241115,2563.898,2575.908,2554.335,2562.715,2565.512,2576.345,2554.742,2563.685,88865130,307309
20241118,2564.258,2614.955,2563.835,2611.605,2565.505,2615.335,2564.945,2612.325,69654230,266791
20241119,2611.498,2639.325,2610.205,2632.105,2612.902,2639.695,2610.725,2632.686,76415900,288068
20241120,2631.975,2655.275,2618.705,2650.145,2632.946,2655.625,2619.105,2651.035,66234400,250646
20241121,2649.515,2673.385,2648.765,2669.535,2651.305,2673.785,2649.192,2669.975,64202020,252529
20241122,2668.698,2716.165,2667.915,2715.805,2670.502,2716.936,2668.425,2716.856,94902290,305868
20241125,2713.375,2721.185,2615.455,2624.645,2714.902,2721.665,2615.872,2625.475,87044530,329791
20241126,2624.218,2641.774,2605.085,2632.785,2625.782,2642.175,2605.612,2633.365,84367840,298730
20241127,2631.858,2658.098,2626.935,2635.785,2633.742,2658.525,2627.355,2636.716,77609500,276385
20241128,2636.298,2649.518,2620.815,2637.215,2637.202,2649.922,2621.176,2637.815,47066390,158122
20241129,2637.505,2666.195,2633.925,2649.945,2639.472,2666.605,2634.322,2650.422,57632840,224557
20241202,2653.075,2653.115,2622,2638.555,2654.902,2654.902,2622.105,2639.465,73703540,285379
20241203,2638.698,2655.528,2633.965,2643.225,2639.902,2655.805,2634.352,2644.375,82392990,257808
20241204,2642.618,2656.998,2632.315,2649.325,2644.512,2657.335,2632.625,2650.635,72909950,259249
20241205,2649.118,2655.445,2623.385,2631.665,2650.862,2655.832,2623.795,2632.355,77465170,238769
20241206,2631.498,2645.535,2612.585,2632.664,2633.102,2645.982,2613.646,2634.126,63847970,261309
20241209,2646.52,2676.255,2627.455,2659.354,2647.605,2676.685,2627.775,2660.645,71085810,268533
20241210,2660.498,2695.378,2657.805,2693.514,2661.902,2695.795,2658.265,2694.525,63182060,250806
20241211,2693.698,2721.005,2674.345,2717.395,2695.102,2721.635,2676.145,2718.995,109228720,280452
20241212,2717.135,2725.675,2675.055,2680.595,2718.675,2726.185,2675.352,2681.986,97600190,285595
20241213,2679.778,2692.595,2645.945,2647.385,2681.702,2693.155,2646.472,2649.325,84450610,297368
20241216,2649.098,2664.248,2643.374,2652.595,2650.902,2664.705,2643.802,2653.305,66685520,232952
20241217,2651.898,2658.465,2632.795,2645.575,2653.302,2658.945,2633.402,2646.795,71295780,259176
20241218,2645.355,2651.525,2583.498,2584.574,2646.395,2652.075,2583.985,2585.555,112538180,277661
20241219,2583.745,2626.325,2582.264,2593.585,2585.525,2626.765,2583.505,2594.695,92487590,291472
20241220,2593.498,2631.698,2589.475,2622.435,2595.262,2632.075,2589.905,2624.286,69116200,260947
20241223,2623.698,2633.135,2608.055,2611.635,2624.452,2633.566,2608.446,2613.395,68677710,216578
20241224,2613.1,2621.205,2609.935,2616.348,2613.995,2621.785,2610.302,2617.202,41640460,141256
20241226,2619.205,2638.975,2614.248,2632.705,2620.445,2639.466,2615.945,2633.985,45096070,157653
20241227,2632.448,2638.105,2611.285,2621.348,2633.202,2638.705,2611.936,2621.655,53994000,181528
20241230,2620.154,2627.985,2595.905,2605.705,2621.115,2628.405,2596.352,2607.085,74523980,212527
20241231,2605.455,2627.364,2602.475,2624.255,2606.345,2627.782,2602.962,2624.795,47453270,173055
20250102,2625.098,2660.375,2621.475,2657.195,2626.592,2660.715,2622.095,2658.625,65825440,240255
20250103,2657.248,2665.185,2636.625,2639.898,2658.022,2665.592,2637.032,2640.552,64904910,217147
20250106,2639.298,2649.305,2614.365,2635.995,2640.902,2649.755,2615.026,2636.915,73058270,274132
20250107,2635.618,2664.098,2632.775,2648.185,2637.432,2664.595,2633.252,2649.275,59158450,246136
20250108,2647.965,2669.844,2645.095,2661.105,2649.585,2670.205,2645.625,2662.525,68034170,242440
20250109,2660.865,2678.395,2655.305,2669.525,2662.655,2678.752,2655.805,2671.215,61433300,208268
20250110,2670.255,2697.709,2663.205,2689.755,2671.345,2698.511,2664.636,2691.145,93161990,297375
20250113,2690.155,2693.245,2656.615,2662.475,2691.745,2693.735,2657.015,2663.965,85029170,300831
20250114,2662.633,2677.985,2659.645,2676.875,2664.045,2678.752,2660.142,2678.225,68580580,273013
20250115,2677.475,2697.335,2669.315,2695.719,2678.465,2697.925,2669.671,2697.075,69739720,256528
20250116,2697.348,2724.565,2689.725,2713.745,2698.552,2725.102,2690.235,2715.431,78431480,290134
20250117,2714.065,2717.375,2698.445,2702.645,2715.951,2717.625,2699.605,2703.851,60017660,260938
20250120,2701.105,2713.655,2689.308,2707.248,2704.252,2714.181,2689.652,2708.775,43033180,224192
20250121,2706.055,2745.848,2702.745,2744.005,2708.045,2746.645,2703.045,2745.235,57498510,283333
20250122,2743.808,2763.205,2741.705,2755.755,2745.125,2763.695,2742.245,2756.825,49390350,260664
20250123,2755.495,2758.655,2735.665,2754.145,2756.885,2759.185,2736.125,2755.875,67432440,270456
20250124,2753.945,2785.825,2753.185,2769.805,2755.185,2786.265,2754.055,2771.685,63175460,272943
20250127,2770.305,2772.415,2730.529,2739.755,2771.395,2772.985,2730.865,2741.025,57874830,281177
20250128,2739.765,2764.875,2734.738,2763.005,2740.655,2765.365,2735.095,2764.255,52918690,217461
20250129,2762.448,2765.985,2745,2758.615,2764.352,2766.505,2745.112,2760.305,67256000,264503
20250130,2758.595,2798.305,2757.348,2793.465,2760.305,2798.845,2758.745,2795.285,73038500,288802
20250131,2793.148,2816.935,2790.895,2798.085,2795.045,2817.385,2791.315,2800.015,75416260,327498
20250203,2793.987,2830.305,2771.885,2813.935,2795.252,2831.602,2772.485,2815.525,76339720,404662
20250204,2812.248,2845.335,2806.925,2841.235,2813.952,2845.805,2807.485,2843.125,60425370,334575
20250205,2840.755,2882.215,2839.335,2866.235,2842.625,2882.725,2840.075,2867.235,48417480,302613
20250206,2865.995,2873.085,2833.955,2855.945,2867.945,2873.635,2834.465,2857.205,53391000,291288
20250207,2855.298,2886.605,2852.085,2860.135,2856.995,2887.065,2852.875,2861.395,50235520,277559
20250210,2858.065,2911.655,2854.448,2907.365,2859.985,2912.365,2856.002,2908.765,58915140,290114
20250211,2906.968,2942.665,2881.635,2897.325,2908.942,2943.145,2882.135,2898.285,58782570,365248
20250212,2896.578,2909.035,2863.685,2903.975,2898.502,2909.595,2864.602,2904.815,50846740,294393
20250213,2903.485,2929.395,2900.225,2927.305,2905.475,2929.905,2900.775,2929.175,45018210,271435
20250214,2926.735,2939.935,2876.805,2882.085,2928.395,2940.392,2877.275,2883.215,54787980,330265
20250217,2881.745,2906.215,2878.015,2898.275,2883.665,2906.745,2879.182,2898.752,34899110,201967
20250218,2898.545,2936.825,2891.775,2934.565,2900.092,2937.305,2892.405,2935.925,53765660,229786
20250219,2934.248,2946.865,2918.365,2932.985,2935.102,2947.365,2918.895,2934.085,51299510,270500
20250220,2932.538,2954.755,2923.945,2938.995,2934.522,2955.235,2924.425,2940.052,38740780,250718
20250221,2938.165,2949.545,2916.615,2934.955,2939.935,2950.212,2917.075,2936.452,48242460,260800
20250224,2934.815,2956.035,2921.055,2952.725,2936.735,2956.465,2921.755,2953.785,61695670,281419
20250225,2952.315,2953.348,2888.085,2914.348,2953.885,2954.902,2888.591,2915.325,61235970,309160
20250226,2913.965,2929.995,2890.588,2916.025,2915.885,2930.592,2891.015,2917.255,50062550,241625
20250227,2915.878,2920.615,2867.565,2876.485,2917.792,2921.135,2868.185,2878.325,60141200,306167
20250228,2876.298,2884.925,2832.455,2856.998,2877.375,2885.532,2832.941,2858.202,60724660,301490
20250303,2855.205,2894.985,2855.075,2892.148,2856.475,2895.545,2856.275,2893.125,49054940,250506
20250304,2891.785,2927.715,2881.648,2916.625,2893.265,2928.095,2882.215,2918.625,55682570,265041
20250305,2917.155,2929.748,2894.145,2918.735,2919.145,2930.245,2894.495,2920.195,80595460,313363
20250306,2918.258,2926.425,2890.815,2910.805,2918.852,2926.922,2891.505,2912.265,54177230,273550
20250307,2910.898,2930.185,2895.698,2909.355,2912.492,2930.695,2897.245,2910.445,44990600,270410
20250310,2910.905,2918.125,2879.935,2888.325,2912.595,2918.705,2880.555,2889.485,74477270,316537
20250311,2888.098,2922.048,2879.938,2915.625,2890,2922.505,2880.552,2916.865,51164870,258043
20250312,2914.998,2940.348,2905.755,2932.925,2916.302,2940.915,2906.305,2934.925,53170720,279254
20250313,2933.698,2989.165,2932.768,2988.075,2935.695,2989.765,2933.205,2989.565,57499590,271210
20250314,2988.698,3004.725,2978.085,2983.795,2990.522,3005.242,2978.805,2985.645,58688610,261569
20250317,2984.285,3001.755,2981.975,3000.425,2986.125,3002.765,2982.525,3002.375,48761150,217128
20250318,3000.098,3038.058,2999.258,3034.075,3001.902,3038.645,2999.685,3035.105,55309070,255989
20250319,3033.335,3051.758,3022.315,3045.955,3034.875,3052.325,3023.175,3048.305,47540320,237938
20250320,3047.648,3057.245,3025.428,3044.725,3048.852,3057.895,3025.952,3045.345,55373160,268704
20250321,3043.925,3047.265,2999.268,3022.705,3045.902,3047.872,2999.735,3024.335,49438190,240624
20250324,3020.155,3033.135,3002.145,3011.435,3022.145,3033.655,3002.705,3012.285,50644430,258753
20250325,3011.415,3035.905,3007.315,3019.675,3012.502,3036.302,3007.905,3020.395,44063440,210277
20250326,3018.745,3031.945,3012.125,3018.685,3020.502,3032.315,3012.655,3020.385,42568400,192718
20250327,3018.668,3059.518,3017.298,3055.515,3020.585,3060,3018.002,3057.425,46932470,242419
20250328,3055.498,3086.725,3053.875,3083.898,3057.425,3087.185,3054.505,3086.702,46188940,236985
20250331,3086.498,3127.825,3076.485,3122.905,3088.102,3128.425,3077.155,3124.125,48247130,269767
20250401,3122.298,3148.835,3100.665,3113.025,3123.902,3149.352,3101.152,3115.165,51552280,264066
20250402,3112.898,3141.283,3104.175,3130.748,3114.702,3144.102,3105.402,3135.385,38698490,238325
20250403,3142.048,3167.548,3053.935,3114.585,3143.662,3168.022,3054.302,3115.315,65639190,408879
20250404,3113.998,3136.435,3015.335,3037.998,3115.835,3137.575,3016.152,3038.852,65148320,366203
20250407,3006.765,3055.18,2956.125,2982.975,3008.252,3056.345,2957.025,2983.855,83091510,496930
20250408,2980.955,3022.485,2974.565,2982.465,2982.765,3023.155,2975.107,2984.385,47416870,307965
20250409,2982.455,3099.465,2969.605,3082.245,2984.445,3100.125,2970.195,3083.675,69640490,417562
20250410,3080.795,3176.255,3070.935,3175.025,3082.635,3176.915,3071.745,3176.325,56229440,331669
20250411,3174.495,3245.025,3174.455,3236.375,3176.325,3245.775,3176.095,3238.545,54756450,326456
20250414,3229.155,3245.515,3193.315,3210.255,3231.145,3246.305,3194.045,3211.695,43590360,239957
20250415,3210.555,3233.425,3209.685,3229.855,3211.645,3233.975,3210.485,3231.145,26555140,162966
20250416,3230.875,3343.185,3229.735,3342.645,3232.715,3344.415,3230.365,3344.415,52818670,264273
20250417,3342.515,3357.455,3283.345,3326.925,3344.115,3358.185,3284.445,3327.905,39216260,245008
20250421,3331.835,3430.355,3327.985,3422.895,3333.605,3430.965,3329.625,3425.785,40909880,249652
20250422,3423.815,3499.915,3366.525,3380.075,3425.135,3500.515,3367.185,3381.685,49013950,335167
20250423,3349.515,3386.375,3259.485,3287.805,3351.495,3387.135,3260.765,3289.715,52708990,331852
20250424,3288.865,3367.015,3288.035,3348.355,3289.915,3368.175,3289.895,3350.475,43512020,257685
20250425,3350.885,3370.065,3264.785,3318.625,3352.625,3371.835,3265.535,3320.665,42171640,253470
20250428,3324.265,3352.835,3267.765,3343.505,3324.365,3353.505,3268.635,3344.485,37566550,223503
20250429,3343.735,3348.145,3299.325,3316.595,3345.505,3349.265,3299.995,3317.655,31897450,196813
20250430,3316.175,3327.865,3266.875,3288.255,3318.785,3328.595,3267.255,3289.305,51613410,235916
20250501,3287.425,3289.775,3201.685,3238.375,3289.175,3290.615,3202.315,3239.745,53527500,236783
20250502,3238.385,3268.805,3222.395,3239.415,3239.505,3269.695,3223.205,3241.445,39229710,230171
20250505,3239.195,3337.395,3236.745,3332.615,3240.965,3338.075,3238.405,3334.025,39590110,208287
20250506,3335.895,3434.675,3321.108,3431.105,3336.731,3435.275,3323.695,3432.345,73273180,266112
20250507,3437.655,3437.655,3359.735,3363.975,3438.945,3439.305,3360.585,3365.255,54022860,266919
20250508,3365.545,3414.705,3288.445,3305.515,3367.235,3415.105,3289.225,3306.535,61666690,272499
20250509,3304.035,3347.365,3274.295,3323.345,3305.955,3347.965,3275.145,3325.145,50850470,232743
20250512,3271.805,3292.675,3207.495,3235.215,3273.335,3298.535,3208.105,3238.005,52389780,288901
20250513,3236.195,3265.405,3215.535,3250.315,3237.515,3265.975,3216.325,3250.945,38474390,216810
20250514,3249.275,3256.685,3167.545,3176.915,3250.785,3257.905,3168.315,3177.885,53189000,259874
20250515,3178.135,3240.305,3120.205,3239.625,3178.725,3241.095,3121.095,3240.515,55957320,251900
20250516,3239.855,3251.805,3153.475,3202.465,3240.945,3252.905,3154.625,3203.775,56339360,243429
20250519,3218.455,3249.505,3205.785,3229.205,3220.375,3250.255,3206.895,3229.955,41729060,210499
20250520,3229.345,3295.465,3204.205,3289.785,3231.155,3296.115,3204.955,3290.585,45511480,227745
20250521,3290.145,3324.748,3285.105,3314.675,3291.315,3325.205,3285.875,3315.315,46333640,261259
20250522,3319.348,3345.198,3278.789,3294.425,3320.002,3345.875,3279.731,3295.275,49363290,289537
20250523,3294.298,3365.798,3286.765,3356.575,3296.152,3366.305,3287.502,3358.765,45628270,271854
20250526,3355.698,3356.598,3323.298,3341.635,3357.335,3357.335,3324.152,3342.302,24266200,134619
20250527,3342.498,3349.748,3284.159,3300.455,3344.302,3350.375,3285.902,3301.155,34094970,226346
20250528,3300.298,3325.318,3276.075,3286.715,3302.285,3326.052,3276.922,3287.925,36348510,207742
20250529,3288.148,3330.775,3245.198,3317.775,3289.282,3331.695,3245.952,3318.495,47784040,283467
20250530,3317.185,3322.448,3271.095,3288.865,3319.102,3323.235,3271.985,3289.865,41455270,250865
20250602,3298.375,3382.695,3295.208,3381.215,3299.065,3383.335,3296.565,3381.775,46959250,267728
20250603,3382.898,3391.935,3332.575,3352.885,3384.862,3392.635,3333.505,3353.615,44861780,257004
20250604,3353.515,3384.495,3343.448,3372.445,3355.085,3385.102,3344.145,3373.325,44691670,244024
20250605,3374.245,3403.178,3339.048,3352.285,3375.652,3403.842,3339.925,3353.175,42713790,277976
20250606,3353.745,3375.348,3306.915,3309.625,3354.915,3376.002,3307.495,3311.695,44727670,264129
20250609,3311.395,3338.065,3293.198,3325.215,3313.302,3338.465,3294.052,3325.985,40198650,228460
20250610,3325.125,3348.895,3301.698,3323.295,3326.915,3349.475,3302.185,3323.835,41214790,230493
20250611,3322.298,3360.405,3315.245,3355.005,3324.102,3361.145,3315.925,3355.655,34280630,226331
20250612,3356.915,3398.745,3338.385,3385.625,3357.732,3399.335,3339.152,3386.655,43558640,264658
20250613,3385.505,3446.648,3379.378,3431.855,3386.855,3447.145,3379.935,3433.245,61690600,298915
20250616,3451.065,3451.085,3382.525,3383.485,3452.715,3452.715,3383.115,3384.845,34409880,232015
20250617,3386.825,3403.098,3365.835,3387.385,3387.825,3403.605,3366.552,3388.345,34740010,225866
20250618,3389.698,3399.845,3362.355,3368.845,3391.332,3400.415,3363.035,3369.525,38219590,227651
20250619,3369.445,3387.798,3347.265,3370.075,3370.645,3388.445,3347.902,3370.702,29465470,160926
20250620,3368.405,3374.265,3340.175,3368.005,3370.025,3374.852,3340.702,3369.265,25963160,177333
20250623,3390.698,3396.648,3346.675,3367.955,3390.798,3397.902,3347.495,3368.895,31438780,213606
20250624,3367.298,3369.545,3295.098,3322.625,3368.925,3370.915,3295.752,3324.405,34655200,226887
20250625,3323.725,3336.848,3311.705,3332.095,3324.485,3337.455,3312.265,3332.835,22921850,151263
20250626,3334.245,3350.025,3309.695,3327.705,3335.935,3350.705,3310.302,3328.545,31656870,177516
20250627,3327.358,3327.698,3255.485,3273.335,3328.825,3328.855,3256.125,3275.235,33099590,216401
20250630,3272.145,3309.348,3244.925,3302.155,3273.715,3309.765,3249.302,3303.295,36880340,175281
20250701,3302.898,3357.865,3301.958,3337.535,3304.395,3358.455,3302.695,3338.595,39583110,185143
20250702,3338.698,3359.815,3327.275,3357.205,3340.595,3360.535,3327.885,3358.405,28381240,162015
20250703,3356.698,3365.455,3311.215,3326.085,3358.675,3366.115,3312.002,3326.625,32127090,167352
20250704,3324.998,3344.905,3323.345,3336.248,3326.902,3345.425,3323.915,3336.925,20536840,96185
20250707,3334.015,3342.348,3296.195,3336.545,3335.405,3343.355,3296.685,3337.385,45532120,197956
20250708,3338.498,3345.548,3286.905,3300.695,3340.202,3346.275,3287.502,3302.355,37226820,188712
20250709,3301.098,3316.598,3282.425,3313.445,3302.982,3317.105,3282.952,3314.175,35805170,165087
20250710,3312.948,3330.085,3309.905,3323.505,3314.825,3330.595,3310.485,3324.325,32196110,156394
20250711,3322.935,3368.559,3321.585,3354.725,3324.902,3368.875,3322.195,3356.915,48122340,222170
20250714,3362.948,3374.805,3340.755,3342.785,3364.802,3375.362,3341.415,3344.005,29110280,195578
20250715,3342.805,3366.148,3320.055,3323.135,3344.435,3366.705,3320.541,3324.995,28610460,182212
20250716,3324.095,3377.185,3319.499,3346.045,3325.702,3378.055,3319.952,3348.145,43439510,209615
20250717,3347.298,3352.025,3309.575,3338.355,3348.965,3352.625,3310.095,3339.871,29592120,175228
20250718,3340.725,3361.035,3331.645,3349.655,3341.935,3361.595,3332.215,3351.005,26049460,145908
20250721,3349.898,3401.339,3344.798,3396.535,3350.752,3401.875,3345.452,3397.105,34051430,182198
20250722,3396.895,3433.279,3383.115,3430.855,3398.375,3433.715,3383.602,3431.745,33731240,197412
20250723,3431.605,3438.655,3381.215,3386.615,3432.745,3439.432,3381.715,3387.875,42623590,221459
20250724,3387.698,3393.165,3351.168,3367.905,3389.225,3393.835,3351.802,3368.995,41656870,195173
20250725,3367.695,3373.295,3324.805,3335.575,3369.512,3373.775,3325.335,3338.045,33913690,166113
20250728,3316.938,3345.145,3301.465,3312.075,3318.205,3345.745,3302.115,3314.045,30146130,187076
20250729,3314.255,3333.908,3307.815,3325.575,3316.235,3334.505,3308.402,3327.405,28324080,186041
20250730,3326.498,3333.815,3267.955,3274.775,3328.302,3334.335,3268.375,3275.885,45538950,202575
20250731,3275.298,3314.705,3273.505,3289.275,3277.135,3315.165,3274.402,3290.935,40136550,206684
20250801,3289.665,3363.425,3281.435,3362.425,3291.275,3363.965,3281.952,3363.745,42856070,225604
20250804,3364.698,3385.205,3344.748,3372.595,3366.695,3385.705,3345.365,3373.855,32374910,176246
20250805,3374.098,3390.289,3349.639,3380.005,3375.982,3390.705,3350.125,3381.115,33138700,157192
20250806,3380.345,3385.098,3358.015,3368.425,3381.735,3385.595,3358.502,3369.515,28046600,156466
20250807,3368.495,3401.798,3364.895,3396.715,3370.305,3402.245,3365.705,3397.455,77189450,325481
20250808,3404.165,3408.675,3373.288,3398.579,3405.545,3410.985,3377.761,3399.741,175265870,508819
20250811,3397.298,3404.798,3340.808,3341.145,3399.265,3405.965,3341.752,3342.815,66540030,298423
20250812,3342.298,3359.198,3330.898,3347.775,3344.195,3359.701,3331.352,3348.645,44692610,221119
20250813,3347.498,3370.505,3342.439,3355.155,3349.392,3371.165,3343.015,3356.355,33800600,165668
20250814,3355.898,3374.555,3329.645,3334.905,3357.765,3375.145,3330.155,3335.755,40932210,204889
20250815,3335.498,3348.595,3331.945,3334.645,3337.462,3349.215,3332.552,3336.745,25219360,148257
20250818,3336.015,3358.215,3323.335,3331.815,3337.675,3358.752,3323.902,3333.165,33998670,163216
20250819,3333.098,3345.165,3314.775,3316.035,3334.702,3345.725,3315.152,3316.665,30252530,163795
20250820,3315.465,3350.198,3311.255,3347.335,3317.085,3350.585,3311.845,3349.005,31558590,167696
20250821,3349.098,3351.935,3324.948,3338.935,3350.485,3352.552,3325.485,3340.175,23834630,150932
20250822,3338.405,3378.585,3321.045,3371.235,3340.215,3379.085,3321.815,3372.985,32941340,180970
20250825,3370.835,3376.135,3359.495,3365.605,3372.075,3376.615,3360.105,3367.365,18267150,117960
20250826,3365.135,3393.495,3351.175,3393.465,3366.992,3394.625,3351.745,3394.625,33616440,202124
20250827,3392.648,3398.569,3373.665,3396.495,3394.052,3399.171,3374.157,3398.445,29586140,162161
20250828,3397.835,3423.069,3384.445,3415.795,3398.872,3423.335,3385.005,3417.255,36673050,201019
20250829,3416.965,3453.565,3404.185,3446.805,3418.922,3454.195,3404.665,3448.455,45793780,230582
20250901,3445.648,3489.595,3436.548,3476.225,3447.565,3490.222,3437.435,3476.715,37815110,210510
20250902,3476.505,3539.849,3469.805,3532.405,3478.395,3540.365,3470.615,3533.295,64421110,349577
20250903,3532.698,3578.175,3525.848,3558.475,3534.652,3578.685,3526.925,3559.675,49898690,298676
20250904,3560.448,3563.998,3510.425,3544.645,3562.065,3564.535,3511.852,3545.915,44679120,275371
20250905,3545.935,3599.905,3539.715,3585.195,3547.025,3600.445,3540.365,3588.045,48572260,281937
20250908,3582.104,3646.115,3577.698,3633.895,3582.204,3646.625,3578.802,3636.705,47248800,272234
20250909,3635.615,3673.645,3623.995,3623.995,3637.485,3676.135,3625.625,3626.545,46878940,279572
20250910,3619.635,3657.238,3618.505,3639.805,3620.225,3659.485,3619.704,3641.125,31992230,229327
20250911,3641.098,3648.895,3611.465,3632.485,3642.062,3649.642,3614.585,3635.395,38928460,234840
20250912,3632.955,3656.435,3630.295,3642.635,3634.695,3656.975,3630.852,3643.785,29637390,192893
20250915,3643.605,3685.345,3626.148,3677.215,3645.135,3685.865,3626.875,3679.865,32313750,209992
20250916,3679.698,3702.828,3674.455,3689.365,3681.292,3703.405,3675.165,3690.535,42874890,243810
20250917,3689.098,3707.308,3645.765,3659.005,3690.902,3708.085,3646.552,3661.035,48428200,275889
20250918,3659.285,3672.785,3627.465,3643.415,3660.152,3673,3628.202,3644.855,40146250,260775
20250919,3643.675,3685.089,3631.938,3684.489,3644.965,3685.701,3632.775,3685.701,37443200,229035
20250922,3686.698,3748.535,3683.365,3745.845,3688.502,3749.095,3684.055,3746.945,38322810,246576
20250923,3745.698,3790.865,3736.455,3762.985,3747.615,3791.485,3737.025,3764.845,48053830,306648
20250924,3764.698,3778.998,3717.348,3735.805,3766.302,3779.515,3717.845,3736.335,43950070,249486
20250925,3735.895,3761.425,3721.915,3748.405,3737.555,3762.002,3722.452,3750.145,46537620,280117
20250926,3749.498,3783.595,3734.275,3759.005,3750.965,3784.155,3734.775,3761.625,43784700,257285
20250929,3756.045,3834.005,3755.898,3832.935,3757.975,3834.545,3757.705,3834.325,45793100,316756
20250930,3833.025,3871.505,3792.875,3857.365,3834.625,3872.202,3793.515,3859.825,52170100,323277
20251001,3858.898,3895.145,3853.055,3865.415,3860.095,3895.775,3853.695,3866.445,42569900,291498
20251002,3865.745,3896.958,3819.095,3855.545,3867.645,3897.952,3819.735,3857.265,43833580,270530
20251003,3855.625,3891.475,3837.785,3886.825,3857.045,3892.042,3838.425,3887.825,41217670,260492
20251006,3887.955,3969.925,3883.248,3959.015,3889.855,3970.465,3884.905,3960.505,47810690,330976
20251007,3958.705,3990.845,3940.685,3984.185,3960.545,3991.385,3941.242,3987.145,51891340,350421
20251008,3984.298,4059.098,3982.748,4040.745,3985.715,4059.545,3983.785,4042.045,48579410,333017
20251009,4042.415,4057.765,3943.788,3976.275,4044.185,4058.365,3945.052,3977.881,66894800,446090
20251010,3974.925,4022.748,3946.675,4017.845,3976.065,4023.255,3947.532,4019.575,63001590,463993
20251013,4000.535,4117.005,4000.535,4109.095,4002.435,4117.865,4002.302,4111.295,51992360,361707
20251014,4110.225,4179.355,4089.805,4140.925,4112.195,4180.955,4090.952,4143.335,69128540,492233
20251015,4141.955,4217.995,4140.065,4206.575,4143.925,4218.752,4141.202,4208.475,60725110,371866
20251016,4208.395,4330.465,4199.285,4327.195,4209.895,4331.135,4200.102,4329.055,64126890,393965
20251017,4330.965,4379.125,4185.425,4250.855,4332.805,4380.732,4186.895,4253.851,97241360,630056
20251020,4247.775,4381.298,4218.505,4355.685,4249.752,4381.815,4219.605,4356.595,73148610,458231
20251021,4354.698,4375.248,4078.259,4124.355,4356.565,4375.875,4083.355,4125.305,85834070,546704
20251022,4124.515,4161.165,4003.298,4098.055,4126.302,4161.755,4005.425,4099.135,88776540,560737
20251023,4094.615,4154.435,4065.405,4125.185,4096.545,4155.155,4066.552,4127.005,57893920,405636
20251024,4127.098,4144.145,4043.618,4111.555,4128.902,4144.825,4043.98,4113.205,49909370,365835
20251027,4064.051,4108.598,3971.068,3981.095,4064.151,4109.725,3971.775,3983.655,69222410,439767
20251028,3983.915,4019.405,3886.199,3951.945,3985.785,4020.172,3886.895,3952.735,52930290,379089
20251029,3952.598,4029.955,3914.548,3928.435,3954.502,4030.662,3916.095,3931.395,55939600,395842
20251030,3921.725,4026.948,3915.065,4024.305,3923.552,4027.432,3915.915,4026.035,63511600,394577
20251031,4023.075,4045.925,3971.965,4001.505,4025.025,4047.025,3972.805,4003.401,52988620,361982
20251103,3983.498,4030.385,3962.325,4001.065,3988.502,4031.135,3963.085,4002.565,55958110,343044
20251104,4000.898,4005.195,3928.475,3931.635,4004.502,4008.872,3929.065,3933.245,46832410,321649
20251105,3932.765,3990.235,3929.648,3979.755,3934.455,3990.765,3929.885,3980.515,33247970,253009
20251106,3975.455,4019.275,3964.355,3976.525,3977.895,4020.045,3964.935,3977.965,44249780,295232
20251107,3976.195,4027.225,3973.655,4000.289,3977.052,4027.845,3975.352,4001.601,34828000,252936
20251110,3997.898,4116.395,3996.698,4115.615,4001.702,4116.915,3998.602,4116.215,37488770,286791
20251111,4113.098,4148.755,4096.845,4125.495,4119.042,4149.365,4097.551,4127.255,35705670,270210
20251112,4125.498,4211.495,4098.665,4194.605,4129.902,4212.152,4099.225,4196.165,54874570,383320
20251113,4194.275,4244.925,4144.965,4170.865,4199.885,4245.502,4145.625,4172.155,70146970,436544
20251114,4168.408,4211.015,4031.955,4082.019,4174.262,4211.695,4032.545,4084.151,61822350,419602
20251117,4084.898,4106.295,4006.735,4044.505,4089.302,4107.255,4007.202,4045.665,46620780,358610
20251118,4042.498,4082.275,3997.658,4066.605,4046.702,4082.765,3998.325,4068.145,51090810,364953
20251119,4067.848,4132.675,4055.248,4075.845,4069.252,4133.215,4055.905,4078.635,47179130,364731
20251120,4077.265,4109.805,4038.605,4076.515,4080.515,4110.602,4039.215,4077.225,63880530,414144
20251121,4074.498,4100.839,4022.075,4064.279,4078.902,4101.425,4022.755,4065.591,64766370,435430
20251124,4070.098,4139.635,4039.945,4134.719,4072.902,4140.265,4040.515,4136.271,52246210,320176
20251125,4131.378,4159.045,4109.415,4130.505,4135.091,4159.795,4109.945,4131.255,55031330,333161
20251126,4131.098,4173.145,4129.575,4162.565,4133.502,4173.895,4130.335,4163.431,38195660,260314
20251127,4164.165,4168.405,4142.425,4157.448,4166.115,4169.745,4143.035,4158.375,24504190,180814
20251128,4156.825,4226.735,4150.075,4218.959,4159.105,4227.485,4158.545,4219.585,34802640,229945
20251201,4222.298,4264.385,4204.348,4231.255,4224.205,4264.955,4206.602,4231.855,57808250,416551
20251202,4231.198,4235.855,4163.458,4205.695,4233.402,4236.435,4164.085,4206.535,41164500,312925
20251203,4206.998,4241.235,4194.405,4202.415,4208.252,4241.955,4194.902,4203.655,48838850,353319
20251204,4202.898,4219.255,4175.005,4207.415,4205.902,4219.815,4175.234,4208.145,44109070,334032
20251205,4206.898,4259.105,4191.815,4197.405,4209.902,4259.675,4192.385,4198.465,49972890,316448
20251208,4199.615,4218.755,4175.998,4189.885,4204.005,4219.435,4176.585,4190.425,36224000,285099
20251209,4189.298,4221.345,4169.845,4207.075,4193.302,4221.845,4170.445,4208.475,45579040,320973
20251210,4207.235,4238.445,4181.565,4227.645,4211.435,4238.975,4182.452,4228.405,47914580,340918
20251211,4228.448,4285.705,4203.905,4279.395,4229.952,4286.245,4204.425,4280.635,45480050,329460
20251212,4278.898,4353.325,4256.845,4298.705,4281.502,4353.955,4257.945,4301.025,58755450,401660
20251215,4299.298,4349.995,4285.055,4303.995,4302.502,4350.625,4285.602,4305.695,46910760,338924
20251216,4304.898,4334.935,4271.125,4301.045,4307.502,4335.545,4271.965,4302.325,47866550,351865
20251217,4302.098,4348.675,4300.848,4337.335,4304.702,4349.895,4302.402,4338.835,46354010,341981
20251218,4339.53,4374.395,4308.285,4330.625,4341.032,4375.065,4309.015,4331.725,54857000,373924
20251219,4331.698,4356.365,4308.715,4338.669,4336.502,4356.875,4309.665,4339.411,39483790,287084
20251222,4338.898,4448.945,4336.635,4442.805,4341.102,4449.625,4338.752,4444.515,44462810,276928
20251223,4446.098,4499.669,4429.975,4483.935,4449.375,4500.205,4430.752,4485.245,54257730,368423
20251224,4486.298,4525.765,4447.895,4479.029,4488.902,4526.385,4448.705,4480.051,52147230,348755
20251226,4490.045,4549.715,4482.655,4532.365,4492.845,4550.545,4484.802,4534.865,84581490,466224
20251229,4538.698,4549.298,4300.698,4331.475,4543.302,4551.405,4302.985,4332.855,81307090,518556
20251230,4332.498,4403.998,4322.965,4338.029,4334.702,4404.775,4324.102,4340.001,74847950,460288
20251231,4340.098,4372.905,4273.805,4318.679,4341.812,4373.895,4274.845,4319.702,66596140,451396
20260102,4323.698,4401.928,4309.618,4331.575,4327.902,4402.792,4310.405,4333.265,45070680,343949
20260105,4360.875,4455.425,4344.425,4448.345,4361.515,4456.145,4346.385,4449.195,61299160,410799
20260106,4446.615,4497.048,4427.725,4493.185,4451.552,4497.675,4428.245,4495.345,70463980,390446
20260107,4494.298,4500.348,4423.135,4455.635,4497.302,4500.725,4423.805,4458.141,57160140,392960
20260108,4457.498,4479.398,4407.485,4477.555,4460.702,4480.015,4408.165,4478.965,56246470,387589
20260109,4478.698,4516.898,4452.585,4509.015,4481.902,4517.725,4453.352,4510.921,57323700,348358
20260112,4520.298,4629.975,4511.898,4598.545,4522.302,4630.575,4514.411,4599.665,57743850,399926
20260113,4599.498,4634.285,4569.185,4585.655,4602.302,4635.155,4570.075,4587.125,57817480,378259
20260114,4586.165,4642.695,4586.165,4626.065,4591.105,4643.225,4589.402,4627.135,51451030,393327
20260115,4629.225,4631.645,4580.815,4614.819,4632.152,4634.102,4581.515,4616.401,60074610,407707
20260116,4613.498,4620.448,4536.515,4595.515,4618.902,4621.802,4537.055,4597.375,50627950,352389
20260119,4625.755,4690.265,4618.988,4669.975,4629.845,4691.525,4621.902,4670.515,32691310,233251
20260120,4671.298,4766.145,4659.245,4762.945,4673.702,4766.745,4659.885,4764.055,52009330,348493
20260121,4761.375,4888.075,4755.345,4831.685,4765.065,4888.802,4756.452,4833.645,55295640,436485
20260122,4832.695,4940.615,4772.185,4935.685,4837.135,4941.085,4772.902,4937.025,40732940,335541
20260123,4935.698,4989.675,4899.545,4983.785,4938.902,4990.852,4900.275,4985.275,39580890,326661
20260126,5003.285,5110.885,4989.805,5009.535,5006.415,5111.665,4990.571,5011.981,66198170,550215
20260127,5011.698,5190.235,5010.918,5178.675,5015.302,5190.845,5014.152,5181.495,59922500,506896
20260128,5178.725,5418.945,5157.115,5414.575,5183.065,5419.785,5157.775,5415.701,74365340,607373
20260129,5417.098,5596.805,5098.765,5378.815,5421.792,5599.715,5098.974,5380.585,90552000,741327
20260130,5384.575,5450.745,4679.725,4895.118,5389.945,5451.475,4684.102,4896.152,121880180,843111
20260202,4817.598,4884.248,4401.038,4657.245,4823.502,4885.895,4403.795,4663.145,131031480,839643
20260203,4670.098,4993.458,4661.788,4944.665,4674.502,4994.295,4669.102,4949.565,86162390,646563
20260204,4940.908,5091.395,4844.165,4964.125,4951.792,5092.295,4850.565,4966.505,67599640,535486
20260205,4960.488,5023.405,4759.365,4775.805,4972.652,5024.385,4760.382,4779.415,83827650,654101
20260206,4791.698,4970.898,4654.355,4964.298,4796.102,4971.795,4655.865,4969.502,61285250,475624
20260209,4980.098,5086.265,4962.605,5058.315,4983.052,5087.195,4966.202,5060.495,45553960,360642
20260210,5048.968,5078.485,4985.748,5024.378,5063.102,5084.865,4988.935,5026.635,44625580,344490
20260211,5022.498,5118.815,5017.995,5083.525,5036.572,5119.742,5020.102,5084.625,41898770,323263
20260212,5084.198,5099.798,4877.255,4921.265,5093.602,5103.405,4879.245,4922.871,47088640,361956
20260213,4916.308,5045.965,4886.258,5040.285,4929.722,5046.755,4891.702,5045.455,40738930,326360
20260216,5035.898,5051.678,4964.868,4990.375,5050.812,5054.902,4965.415,4991.205,19292320,153604
20260217,4994.098,5000.645,4840.095,4878.465,5002.822,5002.822,4843.704,4880.185,42406350,321098
20260218,4874.828,5010.815,4853.775,4975.715,4882.772,5011.525,4854.745,4977.085,27068580,219503
20260219,4971.648,5022.015,4960.048,4993.685,4978.992,5022.765,4960.815,4997.185,27155380,219020
20260220,4992.808,5107.698,4981.315,5106.169,5000.492,5109.251,4982.135,5109.011,34556390,270292
20260223,5106.098,5237.725,5096.958,5226.635,5108.302,5238.272,5101.502,5228.625,38611590,302337
20260224,5225.898,5249.575,5093.225,5141.345,5230.102,5250.355,5094.255,5143.245,40841880,309635
20260225,5137.095,5217.385,5127.048,5164.915,5148.765,5218.242,5128.902,5166.635,31400360,258124
20260226,5157.898,5205.215,5129.495,5182.715,5164.502,5206.065,5131.215,5185.525,38284190,288895
20260227,5180.488,5280.878,5166.535,5277.419,5188.312,5282.961,5167.375,5280.021,45344890,327703
20260302,5372.198,5418.875,5260.095,5321.845,5379.702,5419.625,5261.515,5322.735,55219420,454327
20260303,5321.098,5379.755,4995.475,5084.865,5325.502,5380.632,4996.842,5090.825,67114590,550052
20260304,5099.298,5205.995,5086.868,5140.325,5104.502,5206.655,5089.652,5141.185,54669180,420067
20260305,5148.898,5194.615,5050.638,5083.175,5154.552,5195.375,5051.375,5084.105,46369240,375288
20260306,5079.318,5175.048,5062.125,5171.798,5088.912,5179.215,5063.315,5173.702,41613310,342918
20260309,5178.935,5196.698,5014.655,5138.935,5184.255,5200.805,5015.485,5140.005,53484370,447890
20260310,5138.475,5238.365,5117.065,5190.855,5143.442,5239.155,5118.015,5191.665,40235900,324980
20260311,5188.365,5223.015,5149.065,5176.115,5194.165,5223.735,5149.855,5176.905,38515850,286898
20260312,5178.078,5191.388,5054.795,5079.055,5180.895,5191.995,5055.695,5080.365,37689170,304292
20260313,5078.818,5128.225,5009.495,5018.098,5082.302,5128.935,5010.135,5019.952,36855650,300920
20260316,5003.001,5037.715,4967.125,5004.535,5003.101,5038.375,4968.425,5005.935,43096220,346471
20260317,5005.098,5044.355,4973.495,5006.505,5010.105,5045.085,4974.125,5007.365,31991330,262892
20260318,5004.865,5016.065,4806.675,4818.255,5007.405,5016.775,4807.285,4818.875,62197780,343369
20260319,4823.598,4866.995,4502.108,4649.375,4826.552,4867.655,4503.085,4650.702,66215910,542717
20260320,4650.498,4735.835,4477.125,4490.055,4654.752,4737.495,4477.922,4493.552,61349770,505878
20260323,4470.705,4535.815,4098.275,4405.895,4474.702,4537.045,4099.802,4408.145,92141500,803945
20260324,4411.898,4483.945,4305.565,4471.835,4414.105,4484.735,4306.635,4475.075,97388580,691824
20260325,4471.098,4602.125,4455.258,4505.325,4476.095,4603.115,4456.445,4505.995,57566780,444965
20260326,4508.498,4544.275,4350.995,4379.375,4513.482,4545.202,4351.752,4381.935,62758120,486088
20260327,4389.735,4554.965,4375.235,4492.375,4394.102,4556.302,4375.945,4495.835,46420300,356685
20260330,4491.518,4580.465,4417.665,4510.885,4495.302,4581.265,4419.583,4511.715,47258600,402434
20260331,4510.638,4686.935,4482.115,4668.115,4516.145,4687.725,4483.105,4670.465,50785980,415014
20260401,4669.735,4793.135,4661.625,4757.565,4673.465,4793.472,4662.565,4760.195,45219030,364541
20260402,4757.505,4800.185,4553.158,4675.805,4763.295,4800.792,4554.205,4676.805,60024830,499329
20260406,4651.645,4706.255,4600.385,4648.605,4657.002,4707.025,4601.375,4650.145,43868120,343068
20260407,4648.898,4718.465,4607.335,4704.785,4654.102,4719.475,4607.962,4706.595,60277160,453057
20260408,4718.018,4856.998,4699.235,4715.835,4723.702,4858.425,4700.085,4721.615,50971670,421723
20260409,4718.098,4801.015,4698.085,4763.345,4721.825,4801.562,4698.915,4766.675,39307560,304089
20260410,4766.498,4794.765,4730.205,4746.935,4769.105,4795.522,4730.825,4749.345,35360330,271035
20260413,4634.998,4749.725,4634.998,4739.645,4640.702,4750.515,4640.502,4745.215,41028140,304723
20260414,4742.318,4846.098,4742.318,4841.155,4747.502,4846.815,4745.285,4843.955,37249920,287977
20260415,4836.618,4871.165,4785.885,4789.365,4842.302,4871.875,4786.625,4793.225,33261920,273708
20260416,4787.135,4838.335,4772.898,4787.975,4792.905,4838.932,4773.115,4791.905,32256880,265824
20260417,4790.395,4889.335,4768,4829.115,4795.045,4892.035,4768.205,4832.902,36021960,288894
20260420,4767.405,4827.348,4736.635,4820.265,4769.902,4828.092,4737.365,4822.395,37462220,300513
20260421,4821.098,4832.845,4668.275,4720.045,4823.702,4833.635,4669.121,4722.205,46525110,356220
20260422,4720.145,4772.165,4715.055,4739.355,4723.122,4772.785,4715.985,4740.245,35603280,286015
20260423,4739.945,4753.585,4664.045,4692.355,4744.502,4754.215,4664.835,4693.355,54556970,442417
20260424,4698.245,4739.995,4657.485,4707.865,4702.102,4740.725,4658.195,4712.675,49516410,399138
20260427,4697.248,4729.875,4667.055,4680.565,4701.902,4730.545,4667.575,4684.705,39781520,321896
20260428,4681.698,4701.015,4554.675,4594.435,4686.102,4701.715,4555.115,4598.395,51667710,420702
20260429,4596.205,4610.195,4509.875,4543.425,4598.702,4610.875,4510.495,4544.365,53694550,431397
20260430,4543.185,4646.705,4539.075,4622.035,4547.285,4647.475,4539.805,4622.905,55929030,446499
20260501,4624.875,4660.065,4560.045,4613.558,4628.295,4660.675,4560.585,4615.202,38786890,314260
20260504,4632.938,4637.355,4500.665,4522.315,4638.702,4640.302,4501.425,4523.555,49201580,401526
20260505,4521.985,4586.415,4513.265,4554.875,4525.642,4586.995,4513.985,4557.225,37238580,297023
20260506,4555.965,4722.825,4545.975,4690.965,4560.255,4723.375,4546.675,4692.095,52390090,418640
20260507,4691.535,4764.595,4684.575,4685.145,4695.502,4765.115,4685.385,4686.395,60205990,486615
20260508,4679.745,4749.245,4675.648,4712.655,4681.702,4749.955,4678.255,4718.285,46863580,378942
20260511,4681.255,4748.485,4647.825,4735.185,4684.842,4748.945,4648.565,4736.135,47061990,378916
20260512,4734.698,4773.335,4638.225,4714.005,4738.985,4773.955,4638.835,4715.495,52988450,426600
20260513,4713.905,4726.618,4669.415,4688.605,4718.255,4727.295,4669.865,4689.215,47475410,373047
20260514,4689.298,4718.568,4643.965,4648.895,4692.252,4719.115,4644.925,4651.395,54994500,404611
20260515,4650.795,4665.145,4511.215,4538.898,4654.475,4665.835,4512.185,4540.642,67570000,542377
20260518,4531.698,4584.015,4480.065,4566.325,4537.502,4584.555,4480.755,4567.885,65538990,530940
20260519,4566.825,4589.295,4464.615,4481.825,4570.302,4589.975,4465.372,4482.995,53305890,433807
20260520,4481.998,4552.585,4453.145,4543.705,4485.902,4553.315,4453.945,4544.705,56077300,453527
20260521,4542.695,4570.725,4488.335,4542.115,4547.382,4571.205,4488.865,4543.305,60570950,479176
20260522,4544.058,4545.755,4491.605,4508.395,4547.202,4547.202,4492.285,4510.885,47513490,378686
20260525,4535.098,4579.995,4532.885,4569.675,4538.502,4580.685,4535.775,4570.285,25666720,204237
20260526,4568.898,4580.225,4482.365,4505.065,4571.102,4580.872,4482.795,4507.765,45785370,373722
20260527,4535.898,4537.698,4401.325,4451.875,4539.465,4539.942,4401.872,4457.275,47558870,374703
20260528,4454.915,4516.318,4366.048,4495.605,4460.805,4516.995,4366.855,4496.665,49708110,391457
20260529,4494.685,4594.665,4488.685,4537.498,4498.865,4596.765,4489.745,4539.202,35191880,284485
20260601,4519.755,4545.695,4447.515,4484.515,4524.902,4546.425,4448.225,4485.535,37063970,296444
20260602,4487.098,4541.385,4462.658,4488.865,4489.302,4542.035,4463.265,4490.005,33079780,270152
20260603,4489.978,4496.515,4426.195,4434.475,4492.445,4497.105,4426.792,4435.205,39992670,323125
20260604,4437.698,4515.175,4423.685,4474.315,4442.932,4515.845,4424.414,4475.545,43086460,341544
20260605,4474.098,4481.315,4311.498,4326.705,4479.102,4481.985,4312.145,4332.305,54790870,441271
20260608,4326.898,4353.085,4268.125,4326.175,4332.102,4353.682,4268.905,4330.565,55256470,448277
20260609,4329.898,4363.205,4236.245,4260.635,4335.682,4363.875,4237.205,4261.245,59484500,429582
20260610,4252.015,4257.085,4066.945,4071.955,4255.502,4258.502,4067.552,4072.815,62307470,501978
20260611,4068.698,4219.845,4023.585,4212.005,4073.902,4220.465,4024.275,4212.915,66329800,522244
20260612,4211.498,4246.415,4169.955,4217.765,4214.525,4247.085,4170.455,4221.795,51711200,407675
20260615,4273.098,4369.485,4259.585,4309.315,4275.245,4369.942,4264.525,4310.045,37648530,303768
20260616,4308.898,4354.905,4305.755,4330.995,4312.302,4355.355,4306.435,4331.815,36122870,291944
20260617,4331.365,4382.125,4218.805,4256.855,4334.315,4382.645,4219.595,4261.755,39828580,333199
20260618,4254.435,4329.865,4201.145,4208.875,4258.455,4330.435,4201.765,4209.495,46311350,369988
20260619,4209.298,4212.875,4121.438,4154.335,4213.025,4213.695,4121.995,4154.965,27132060,215927
20260622,4139.698,4220.778,4136.125,4191.165,4144.702,4221.455,4136.865,4191.955,43563390,349480
20260623,4191.458,4198.435,4090.545,4111.035,4194.302,4199.225,4091.285,4111.895,50503040,396991
20260624,4111.898,4114.835,3958.695,3997.605,4113.702,4115.605,3959.305,4000.805,56147180,449829
20260625,4003.035,4043.918,3961.755,4024.095,4006.912,4044.485,3963.315,4029.395,54817980,427158
20260626,4029.098,4095.795,3982.635,4087.915,4031.952,4096.545,3983.405,4090.925,52327910,382870
20260629,4086.298,4086.298,3999.918,4015.925,4090.702,4090.702,4000.365,4016.665,46541720,361374
20260630,4015.898,4063.205,3941.528,4007.165,4019.702,4063.925,3942.585,4008.145,44008820,342225
20260701,4009.785,4115.485,3959.905,4030.745,4013.295,4116.255,3960.475,4031.765,38198790,322474
20260702,4033.175,4143.715,4030.525,4122.425,4037.815,4144.445,4031.205,4123.235,45062360,373809
20260703,4124.065,4195.365,4120.785,4175.245,4127.475,4196.055,4121.555,4176.025,24182530,204369
20260706,4182.515,4202.905,4128.265,4164.325,4188.265,4203.605,4128.625,4165.295,34485190,292146
20260707,4163.245,4180.225,4091.845,4105.225,4167.455,4180.985,4092.545,4106.245,36870120,309460
20260708,4093.905,4133.685,4021.525,4073.925,4098.775,4134.325,4022.245,4075.835,56998230,495821
20260709,4072.645,4138.175,4053.985,4123.365,4078.485,4138.875,4054.605,4124.235,37924760,326435
20260710,4124.065,4134.555,4072.585,4120.555,4128.545,4135.375,4073.315,4122.285,31871490,270506
20260713,4094.225,4103.265,3985.165,4001.255,4096.985,4105.685,3986.865,4002.345,45073980,405234
20260714,4004.225,4100.785,3983.285,4052.385,4008.665,4107.045,3984.145,4056.065,38019930,350501
20260715,4051.285,4080.935,4017.155,4059.825,4055.255,4081.635,4017.805,4060.715,44118690,367048
20260716,4060.415,4066.755,3969.045,3974.205,4064.455,4067.685,3969.755,3977.145,50311830,427889
20260717,3976.345,4023.645,3959.485,4013.975,3980.485,4024.365,3960.165,4021.125,51016270,427067
20260720,4002.785,4040.435,3981.935,4007.565,4003.915,4041.175,3982.805,4008.605,45493410,384445
20260721,4006.065,4086.775,3999.285,4076.995,4011.125,4087.325,4000.085,4078.135,37264290,310313
20260722,4077.815,4165.775,4076.325,4130.345,4082.925,4166.275,4077.135,4131.015,44541020,377345
20260723,4122.235,4140.895,4039.685,4049.375,4126.595,4141.685,4040.265,4050.115,46918880,389968
20260724,4049.365,4081.895,4021.665,4049.125,4050.925,4082.585,4022.425,4055.795,30586870,253524
20260727,4088.645,4116.145,4065.065,4076.565,4092.915,4116.975,4065.695,4078.865,25161750,211791
20260728,4077.045,4081.765,4011.335,4027.875,4082.535,4083.335,4011.995,4028.815,18803970,160751
20260729,4024.565,4116.105,3995.655,4066.585,4030.175,4116.825,3996.225,4069.705,29375940,249074
20260730,4063.105,4120.16,4028.155,4102.795,4068.005,4120.805,4028.945,4103.545,34360320,289476
20260731,4104.315,4111.305,4020.545,4043.235,4109.125,4112.495,4021.225,4049.905,27438370,227693
20260803,4081.935,4081.935,4018.915,4054.405,4084.285,4084.285,4019.415,4055.545,25030850,210463
20260804,4048.785,4106.402,4042.345,4077.495,4054.375,4107.085,4043.115,4078.165,25583310,212076
20260805,4075.655,4267.715,4065.065,4246.805,4081.205,4268.095,4065.425,4247.825,28663530,239517
20260806,4247.545,4303.745,4223.225,4239.485,4252.825,4304.585,4223.765,4240.245,30865260,258370
20260807,4237.015,4371.695,4229.385,4340.395,4242.945,4372.255,4230.125,4345.765,31677730,262946
20260810,4342.785,4394.825,4312.935,4388.425,4348.185,4395.665,4313.985,4391.875,21773650,188146
20260811,4385.505,4434.965,4356.325,4368.655,4391.305,4435.545,4356.945,4371.095,29594130,246053
20260812,4369.565,4441.245,4361.495,4407.875,4373.105,4442.085,4364.395,4408.635,27892070,235778
20260813,4408.145,4449.455,4343.365,4349.255,4411.925,4450.215,4344.135,4351.455,28234570,236800
20260814,4351.215,4396.765,4310.375,4374.205,4356.995,4397.345,4311.165,4380.875,25160040,210970
20260817,4375.815,4428.675,4366.865,4414.575,4381.585,4429.225,4367.655,4417.165,23093010,195417
20260818,4417.275,4435.905,4329.295,4330.135,4422.775,4436.645,4329.894,4335.745,28377740,236844
20260819,4332.745,4524.135,4323.925,4522.295,4338.735,4524.755,4324.865,4522.935,29843590,256722
20260820,4522.135,4540.795,4450.365,4514.005,4525.455,4541.635,4451.015,4518.795,33488540,281105
20260821,4517.695,4631.935,4508.545,4602.055,4519.165,4632.585,4509.215,4606.565,29027970,245217
20260824,4617.275,4680.655,4594.005,4651.415,4619.815,4681.335,4594.845,4652.295,32853780,280539
20260825,4650.385,4696.635,4604.815,4656.625,4654.295,4697.475,4605.465,4658.465,35252350,297207
20260826,4655.725,4673.565,4582.785,4589.965,4660.145,4674.905,4583.325,4593.655,29206760,245607
20260827,4594.365,4642.535,4564.225,4600.155,4598.875,4643.505,4565.065,4601.015,26726480,229190
20260828,4601.815,4630.835,4445.205,4450.065,4605.325,4633.045,4445.905,4455.015,34830420,303673
20260831,4431.405,4471.775,4396.145,4447.385,4433.795,4472.535,4396.755,4448.095,34930300,291511
20260901,4449.055,4461.275,4322.525,4327.425,4451.005,4461.935,4323.265,4328.845,36639030,309104
20260902,4327.585,4397.475,4282.035,4387.055,4333.245,4398.155,4282.865,4387.735,34142550,294696
20260903,4386.845,4510.635,4380.745,4473.275,4392.655,4511.275,4381.495,4476.105,34047680,278513
20260904,4472.615,4490.625,4365.305,4430.455,4478.215,4491.065,4366.145,4431.315,26281500,222382
20260907,4425.865,4434.925,4380.935,4404.775,4427.465,4435.675,4381.415,4407.125,16883790,142241
20260908,4407.265,4442.705,4345.015,4355.505,4413.165,4443.495,4346.255,4356.235,27828880,236334
20260909,4356.875,4433.785,4340.965,4400.848,4359.645,4434.425,4341.695,4402.052,34533580,270537
20260910,4402.365,4435.108,4313.498,4316.858,4405.625,4436.092,4313.885,4317.832,73284520,557546
20260911,4318.208,4402.268,4291.951,4347.508,4323.732,4402.915,4292.86,4349.462,72193260,519299
20260914,4333.305,4355.277,4253.438,4298.555,4334.402,4355.802,4254.061,4299.322,62968020,478623
20260915,4298.889,4317.245,4261.105,4289.385,4302.531,4317.745,4261.595,4292.375,48912210,377080
20260916,4289.625,4366.525,4234.665,4262.935,4295.595,4369.405,4235.855,4264.355,30865370,268675
20260917,4262.425,4380.815,4257.115,4341.055,4266.805,4382.265,4257.905,4341.775,31167950,266348
20260918,4341.915,4399.365,4334.105,4376.595,4345.195,4399.965,4334.825,4378.125,28374780,240761
20260921,4374.525,4383.165,4322.335,4342.585,4378.625,4383.955,4322.895,4343.715,27109290,226463
20260922,4343.085,4375.67,4291.245,4356.565,4348.925,4376.495,4291.925,4357.735,27961930,253521
20260923,4355.545,4369.185,4274.215,4287.255,4360.985,4369.975,4274.915,4288.425,27454300,231054
20260924,4288.115,4302.865,4243.925,4274.505,4292.925,4303.785,4244.605,4275.535,32136560,274838
20260925,4265.355,4315.545,4254.405,4282.805,4270.965,4316.145,4255.055,4285.495,27858790,237166
20260928,4275.875,4280.175,4110.585,4114.035,4278.065,4281.915,4111.275,4116.045,35003910,298714
20260929,4116.145,4184.985,4113.155,4181.715,4122.145,4185.595,4113.995,4182.435,33045050,278180
20260930,4179.805,4219.185,4147.175,4157.395,4185.515,4219.905,4147.785,4158.255,32293680,270286
20261001,4159.705,4192.625,4138.905,4177.335,4164.025,4193.435,4139.695,4178.485,35805940,295140
20261002,4172.885,4183.605,4171.365,4181.735,4176.565,4184.045,4172.095,4182.415,532350,4732
